word,definition
-ku,(dari aku) pemilik
-ku,(dari aku) tujuan
a.k.b.,angka kematian bayi
abanat,menghalangi orang yang lewat dengan cara berdiri sambil merentangkan tangan
abrag,perkakas dalam rumah tangga
abrahmacariya veramani sikhapadam samadiyami,bertekad untuk melatih diri menghindari perbuatan asusila dalam agama Buddha
abrosia,kekurangan makan
abubu,kayu yang sudah lapuk
abuja,ibu kota negara Nigeria
abukajung,perlakuan sewenang-wenang terhadap seseorang sebagai pelampiasan
ac,sebelum Masehi; SM; ante Christum
acakadul,sembarangan; tidak tertata; berantakan; acakadut
adan,buah kelapa kering yang kulit luarnya berwarna cokelat
"adat bak poteumeureuhom, hukom bak syiah kuala, qanun bank putro phang, reusam bak laksamana",hukum adat berada di tangan pemerintah dan hukum syariat ada di tangan ulama
adijana,manusia super; adimanusia
adiyuga,zaman pertama dari empat zaman dunia: kertayuga; satyayuga
afkiran,barang yang sudah tidak dapat dipakai
aga,memandang dengan maksud mentertawai atau menantang
ahkana,membagi hasil panen untuk membantu orang yang tidak berkebun karena lumpuh
ahli ginekologi,ginekolog
ahosi kamma,karma yang tidak sempat berbuah karena telah kehabisan waktu atau kehilangan kesempatan untuk berbuah (tentang ganjaran yang tidak pernah diterima dalam agama Buddha)
ahuite,ruas bambu yang digunakan sebagai wadah untuk memasak
air limbah perkotaan,"air limbah yang berasal dari kawasan perkotaan, seperti perumahan, perkantoran, pertokoan, industri"
aitolida,sebutan bagi adik sepupu
akalasia,"kesulitan menelan karena gangguan pada otot kerongkongan, shg makanan sulit didorong ke dalam lambung"
akamsi,anak kampung sini; sebutan untuk orang yang berasal dari sebuah kampung atau sesuai dengan daerah asal orang tersebut
akar ipoh putih,"liana yang batangnya bergetah putih, rantingnya memiliki kait-kait yang keras, daun berbentuk bulat telur meruncing dengan tepi sedikit bergigi, bunga berwarna putih dan cokelat kemerahan, buah berwarna kuning dan merah, getah dari batangnya sangat beracun dan digunakan masyarakat dalam peperangan tradisional antarsuku sebagai campuran racun pada panah"
aki,angka kematian ibu
akik garnet,"batuan alam yang bentuknya indah, beraneka warna, biasa digunakan untuk batuan permata"
akra,ibu kota negara Ghana
akses arsip,ketersediaan arsip sebagai hasil dari kewenangan hukum dan otorisasi legal serta keberadaan sarana bantu untuk mempermudah penemuan dan pemanfaatan arsip
akses terbatas,"akses yang tidak ada atau sedikit karena adanya penghalang, jalan samping, dan sebagainya"
akuisisi arsip,"penambahan khazanah arsip statis pada lembaga kearsipan yang dilaksanakan melalui kegiatan penyerahan arsip statis dan hak pengelolaannya dari pencipta
arsip kepada lembaga kearsipan"
alam dunia,alam fana
alam rendah,apaya (tentang ajaran agama Buddha mengenai kehidupan yang sengsara)
alimbuane,mabuk karena makan sirih yang terlalu banyak pinangnya
aloi,orang yang tidak pernah menikah atau tidak mau menikah
ambat,"perangkap ikan di sungai yang terbuat dari bambu yang dijalin rapat dengan rotan, ditancapkan di dasar sungai, tingginya harus melebihi permukaan air sungai"
ambeg pratama,"dapat memilih hal yang harus didahulukan, salah satu asas kepemimpinan dalam TNI"
ambil marah,marah
amnesia retrograd,ketakmampuan mengingat kejadian yang terjadi sebelum cedera otak atau kejadian traumatis
amonium nitrat,"senyawa kimia yang berupa padatan kristal putih, sangat larut dalam air, digunakan dalam pertanian sebagai pupuk"
anak potong,anak-anak yang berutang pada dan dilacurkan oleh muncikari serta diputuskan hubungan dengan orang tuanya
analisis bahaya,"analisis untuk mengidentifikasi bahan yang berpotensi bahaya pada proses penyimpanan, pengemasan, proses kritis, dan faktor manusia yang dapat memengaruhi keamanan atau kualitas produk"
andes,pegunungan Amerika Selatan yang membentang di sepanjang pantai barat dari Panama ke Tierra del Fuego
andong,"pohon yang tingginya mencapai 37 m, daun elips bertulang tiga, bunga berwarna putih, merah muda, hingga kuning, buah berwarna merah muda dan dapat dimakan, daun digunakan sebagai obat, kayu digunakan untuk bahan bangunan, kulit kayu digunakan sebagai pewarna; tempoyan"
andu,mengurut perut untuk memperbaiki letak janin
anestesian,bahan untuk memproduksi anestetik
aneurisme otak,kondisi menggelembungnya pembuluh darah di otak seperti balon akibat melemahnya dinding pembuluh darah di suatu titik tertentu; aneurisme selebral
anggai,"retak kecil (tentang piring, dan sebagainya)"
anggir,jeruk purut
anggur laut,"tanaman dengan tinggi yang bervariasi mengikuti lingkungannya, dapat berupa semak dengan tinggi mencapai hanya 1 m dalam lingkungan terbuka, sementara di tanah berkondisi baik dan terlindung tingginya dapat hingga 15 m dan berdiameter hingga 40 cm, berhabitat di daerah pesisir, ditemukan di Amerika tropis dan Karibia, biasa dimanfaatkan sebagai makanan, obat-obatan, tanaman hias, sumber kayu untuk membuat perabotan, dan pagar tanaman di wilayah laut"
angki,tua dan keras (tentang jagung)
angkruk,kembang jeruk
animin,meminta air untuk minum
anjali,bentuk penghormatan berupa merangkapkan atau mengepalkan kedua telapak tangan di depan dada atau menundukkan kepala
antares,bintang paling terang pada rasi Skorpio
antem,antitembam
antifeminisme,paham yang menentang feminisme
anus,"suku bangsa yg berasal dr atau mendiami wilayah Kabupaten Sarmi, Provinsi Papua"
anus,bahasa yg dituturkan oleh suku Anus
anuttaram puññakkhetam lokassāti,ajaran agama Buddha bahwa dunia adalah ladang untuk menanam jasa yang tiada taranya bagi semua mahluk hidup (lazim diucapkan pada saat puja bakti)
apan-apan,kayu yang ada pada ani-ani
aparapara vedaniya kamma,karma yang menghasilkan akibat pada kehidupan berikutnya secara berturut-turut
apatate,"penjepit yang terbuat dari bambu, biasanya digunakan untuk mengambil bara api, ikan, dan lain-lain"
apayamuka,"ajaran agama Buddha tentang penyebab keruntuhan kehidupan, yaitu perbuatan asusila, mabuk-mabukan, judi, dan pergaulan dengan orang jahat"
apdenak,kegiatan mengotek secara bersama-sama
apelium,jarak terjauh planet bumi terhadap matahari
apinan,bayi perempuan
arahat,tingkat kesucian tertinggi yang membuat seseorang mencapai kesempurnaan dengan melenyapkan samyojana dan tidak akan mengalami kelahiran kembali sebagai makhluk
arama,"rumah ibadah umat Buddha yang lebih besar daripada wihara, memiliki beberapa sarana dan prasarana yang lengkap"
ardang,sesuatu yang berpindah-pindah tangan tanpa diketahui pemiliknya
area hijau,"tanah yang tidak tertutup bangunan dan dikhususkan untuk menanam beragam 
tanaman (semak, pepohonan)"
arena remaja,gelanggang remaja
aridisol,tanah kering yang terbentuk di gurun dan semigurun
arirang,tempat bertautnya buah kelapa pada pohonnya
arnis,olahraga bela diri dari Filipina yang menggunakan tongkat rotan sebagai senjata
arsakal,"upacara menggunting rambut bayi, dilakukan oleh beberapa orang secara bergiliran sambil berdiri dan melantunkan selawat"
aru-aru,sayur bersantan yang dibuat dari labu tua
arus rabak,arus balik
arus tidal,"arus berlawanan yang menggunakan sebagian lajur pada jalur, merupakan rekayasa lalu lintas untuk mengatasi peningkatan volume kendaraan saat mudik atau jam sibuk"
asada,hari raya umat Buddha yang jatuh pada bulan Asada saat purnama sidi untuk memperingati khotbah pertama Buddha
asada,bulan ke-7 tahun tahun Buddhis (bulan Juni--Juli tahun Masehi)
asahehe,"tradisi pembongkaran sebagian atap pada rumah adat sebelum dibongkar secara keseluruhan di Desa Boano Utara (dalam rangka pemugaran rumah adat yang telah berusia 20—30 tahun, setiap matarumah memiliki rumah adat)"
asahi,"penganan yang terbuat dari ubi jalar, dicampur dengan tepung terigu dan pewarna makanan, kemudian dibakar"
asetonuria,kelebihan aseton dalam urin
asi,kata sapaan atau panggilan kepada kakek oleh cucu dari anak perempuan
asi,merasa disayang
astrofili,orang yang sangat mencintai benda-benda langit
astrofilia,kecintaan pada benda-benda langit
atak,sungai yang airnya tidak jernih atau keruh
atita,masa lampau; masa lalu
audio digital,"data audio yang disimpan, diproses, dan ditransmisikan secara digital"
audiofilia,kecintaan pada suara rekaman yang diproduksi dengan tingkat fidelitas tinggi
auning,"kanopi kain yang dipasang pada dinding teras, jendela, balkon dan sebagainya bertujuan untuk melindungi area tertentu dari hujan dan panas matahari"
ave,mata pisau
awalembap,berkurang kelembapannya
awi,"hiasan kepala laki-laki, terbuat dari bulu burung kasuari"
ayam kedu putih,"ayam kedu berbulu putih polos, berjengger merah terang, berparuh putih, kuning, atau kehitaman"
ayam liar,"ayam yang habitatnya di hutan, seperti ayam hutan hijau dan ayam hutan merah"
ayam seraki,makanan khas Banten berbahan dasar ayam yang dimasak dengan rempah-rempah dan santan
az-zumar,surah ke-39 dalam Al-Qur'an
b3,"bahan berbahaya dan beracun (zat, energi, dan/atau komponen lain yang dapat mencemarkan, merusak, dan/atau membahayakan lingkungan hidup, kesehatan, serta kelangsungan hidup manusia dan makhluk hidup lain secara langsung maupun tidak langsung)"
babak,membuka dari bawah ke atas
babantar,bagian dari sungai dengan air yang sedikit atau dangkal
babil,Babilonia
babilonia,"kota kuno yang terletak di sebelah selatan Mesopotamia (sekarang Irak), di wilayah Sumeria dan Akkadia, berada di tepian sungai Efrat"
baby boomer,"orang yang lahir pada pertengahan 1940--1960, diasosiasikan dengan masa ledakan penduduk setelah terjadinya perang dunia kedua di barat"
bades,biang keringat
baganjin,bangunan yang ada di tempat yang dikeramatkan atau dianggap suci
bagelen basah,bagelen dengan tekstur yang lembut seperti roti manis pada umumnya
bahan hayati,biomaterial
bahasa generasi kedua,"bahasa pemrograman yang terkait dengan bahasa rakit, dapat ditulis secara simbolik (mnemonik) dengan cara yang dapat dipahami manusia dan kemudian diubah menjadi bahasa mesin oleh perakit"
bahasa generasi pertama,bahasa pemrograman berupa bahasa tingkat mesin yang dirancang untuk berjalan pada prosesor komputer generasi pertama
bahasa kebun binatang,umpatan berupa nama binatang
bahasa liturgis,"bahasa yang dipelihara dan digunakan terutama untuk kepentingan agama oleh penganutnya, misalnya bahasa Pali dan Sanskerta oleh umat Buddha atau bahasa Arab oleh umat Islam"
bai,kering sekali
baing,tahi lalat yang berbulu
baju benian,baju belah benian
baju luar,baju yang dipakai di luar baju lain sebagai pelapis
bak,Biro Administrasi Keuangan (unsur pelaksana administrasi keuangan di perguruan tinggi)
bakhor,tembakan kehormatan
bakorstanas,"Badan Koordinasi Bantuan Pemantapan Stabilitas Nasional (lembaga pemerintah nonkementerian pada tahun 1988—2000 yang bertugas mengoordinasikan upaya lembaga pemerintah lainnya dalam rangka pemulihan, pemeliharaan, dan pemantapan stabilitas nasional dari berbagai hambatan, tantangan, ancaman dan gangguan serta bertanggung jawab kepada presiden)"
bakso telur,bakso berukuran besar berisi telur rebus
bakwan jagung,bakwan dengan jagung sebagai sayuran utamanya
bala,kelapa muda yang dagingnya sudah mulai mengeras
bala-bala,bakwan
balabar,pagar sementara terbuat dari bambu atau tanaman untuk membatasi lahan atau tanah sampai dibangun
balak,kotoran pada kulup penis
balaon,"air panas, biasanya untuk membuat teh, kopi, dan lain-lain"
baletikuang,"pengadilan tradisional berbentuk rumah panggung bertangga jungkat-jungkit, memiliki satu tiang tengah, digunakan untuk memutuskan perkara yang dihadapi oleh masyarakat"
bali,kata sapaan atau panggilan kepada laki-laki yang sudah beristri
balu,"pelampung yang terbuat dari bahan plastik atau gabus, diikatkan pada pinggiran jaring agar tidak tenggelam"
baluse,perisai perang masyarakat Nias
bandang,"palem yang tingginya mencapai 12 m, pangkal batang daunnya menyilang, buah berbentuk bulat dengan beberapa sisi agak menyudut, tertutup tempurung tebal dan keras, daunnya digunakan untuk membuat sapu, serta buah dan batang mudanya untuk dikonsumsi, tumbuh secara alami di hutan Kalimantan"
bandar judi,orang yang menyelenggarakan perjudian
bandung barat,"kabupaten di Provinsi Jawa Barat, beribu kota Ngamprah"
bandungan,upacara suku Tengger berupa pelepasan miniatur perahu berisi tumpeng ke laut lepas sebagai bentuk syukur kepada Tuhan
bangkala,subang yang terbuat dari emas atau perak
bangkeh,penjahat yang telah terkenal
bangkelung,tangkai sirih
bangui,ibu kota Afrika Tengah
banteh,radang atau bengkak pada luka atau cedera lama yang tidak dirawat
banyois,orang yang ahli memainkan banyo; pemain banyo
barucut,kulit buah-buahan yang tidak rata dan benjol-benjol karena hama
basa-basi,"trompet khas Sulawesi Selatan, terbuat dari bambu yang dipasang rangkap"
batara guru,Dewa Syiwa
batil,bak kecil tempat memasak candu
baut atap,"baut yang digunakan dalam konstruksi atap untuk memperkuat strukturnya agar dapat menahan beban berat dari material atap dan beban lain, dipasang melalui pengeboran lebih dahulu"
bawak,pacul yang melebar di bagian ujungnya
bayar-membayar,perihal membayar
bazar amal,pasar amal
bea balik nama,biaya yang diperlukan untuk mengganti nama kepemilikan tanah dan kendaraan
bebecek,bagian dari sawah yang dijadikan persemaian benih padi
bedah mayat anatomis,bedah mayat untuk keperluan pendidikan di bidang ilmu kedokteran
bedah ortognatik,bedah yang dilakukan untuk memperbaiki posisi tulang rahang yang tidak normal
bedah sesar,seksio sesaria
bedak,"penganan yang terbuat dari tepung beras mentah dicampur gula merah, lazim dibuat pada acara memasuki rumah baru"
bedak mayat,heroin
bedak setan,heroin
bejo,untung; beruntung
bekekok,anak bekisar dari induk ayam buras
belavukan,luka-luka di kulit pohon
belawing,"tiang atau monumen yang diukir dengan motif khas Dayak Kenyah, memiliki hiasan burung enggang pada puncaknya sebagai tanda suatu permukiman komunitas Dayak, dahulu digunakan sebagai tempat penyembahan atau ritual"
belesir,berlesir
bembang,mekar; kembang (tentang daun)
bener meriah,"kabupaten di Provinsi Aceh, ibu kotanya Simpang Tiga Redelong"
benih padi,biji padi yang disemai
bepa pute,"kue putih yang terbuat dari tepung beras, bentuknya bervariasi, digoreng lalu dilumuri dengan tepung gula, wajib ada dalam hantaran pengantin pria karena kue ini disimbolkan sebagai perempuan"
beperhiasan,mengenakan perhiasan
beraneka jenis,berbagai jenis
berbalasan,saling berbalas; berbalas-balasan
berdana,memiliki dana
berdana,menghabiskan dana
berdentur,mengeluarkan bunyi dentur
berdenyit-denyit,berdenyit berulang kali
berdepus,mengeluarkan bunyi depus
berderan,berbunyi deran
berderuk-deruk,berderuk berulang kali
berderum-derum,berderum berulang kali
berderung,mengeluarkan bunyi derung
berderup,mengeluarkan bunyi derup
berderup-derup,berderup berulang kali
berdesis,mendesis
berdesit,mengeluarkan bunyi desit
berdesuk,mengeluarkan bunyi desuk
berdeting,mengeluarkan bunyi deting
berdetus-detus,berdetus berulang kali
berdiploma,memiliki diploma
berempah,mengandung rempah
berempah,memakai rempah
berempuh-rempuh,berebut-rebut hendak mendahului dan sebagainya
bergemetar,bergetar
bergenggaman,saling bergenggam (menggenggam)
berkewarganegaraan,memiliki kewarganegaraan
berkinca,memakai kinca
bermad,pedagang kebutuhan nelayan atau masyarakat di sekitar laut (pantai)
berowah,tahlilan menjelang bulan Ramadan
beroyalti,memiliki royalti
berperanan,memiliki peranan
berpermukaan,memiliki permukaan
bersepit,mempunyai sepit
bezel,"bingkai luar layar komputer, ponsel, atau  peralatan elektronik lainnya"
bidat,persekutuan kecil Kristen yang dengan sengaja memisahkan diri dari gereja besar dan mengembangkan doktrin baru yang bertentangan dengan doktrin esensial; bidah
biji timun,"motif batik Jambi, bentuknya menyerupai biji mentimun"
bikayaon,gelisah yang mengakibatkan susah tidur
bikoang,lekuk yang berada di antara bahu dan pangkal leher
bikuni,biksuni
bilangan riil,"bilangan yang dipakai untuk mengukur kuantitas dimensi satu yang sinambung seperti jarak, durasi, atau suhu"
bilik manikur,"bilik yang menyediakan layanan manikur, biasa ditemui di stasiun atau mal"
biodemografi,ilmu yang mempelajari pengaruh faktor biologis pada pola demografi
biring,bagian tepi kulit (pada bulus atau penyu)
bituing bowong,"rasi bintang yang menunjukkan arah selatan, biasa digunakan untuk menunjukkan daratan saat melaut"
bivalen,memiliki dua valensi
bivalen,berkaitan dengan asosiasi dua kromosom homolog
bivalen,"sepasang kromosom, terutama saat meiosis"
ble,berlayar mencari ikan seharian
bmd,barang milik daerah (barang yang dibeli atau diperoleh atas beban Anggaran Pendapatan dan Belanja Daerah atau berasal dari perolehan lainnya yang sah)
bmn,barang milik negara (barang yang dibeli atau diperoleh atas beban Anggaran Pendapatan dan Belanja Negara atau berasal dari perolehan lainnya yang sah)
bobat,"suku bangsa yg berasal dr atau mendiami wilayah Kabupaten Seram Bagian Timur, Provinsi Maluku"
bobat,bahasa yg dituturkan oleh suku Bobat
boitan,"batu asah besar berukuran besar, digunakan untuk mengasah benda tajam selain pisau, seperti parang, tombak, dan lain-lain"
bolonta,lubang pada rumah panggung
bolot,daki1
bolot,tuli; pekak
bolot,bodoh; tolol
bom curah,bom klaster; bom tandan
bombo dikita,roh orang Toraja yang telah meninggal dan dapat dilihat pada patung kayu yang dibuat menyerupainya
bonyo,patahan beras sisa penapisan berukuran kecil
borak-borak,"kain kasar hasil tenun khas Toraja, dibuat dari benang nanas atau kapuk, digunakan sebagai pembungkus mayat"
bosi,"pelepah sagu berbentuk tabung, digunakan untuk membawa barang (seperti kayu bakar, daun pisang), biasanya digunakan oleh perempuan"
braseri,tempat makan yang menyediakan bir
bratu,bandar judi
bratu,uang pinjaman supaya bisa melanjutkan permainan judi
bratu,uang tambahan; bonus
bromansa,hubungan persahabatan mendalam antarpria yang bersifat mesra dan afektif tanpa ketertarikan seksual
brunois kecil,"potongan berbentuk kubus dengan ukuran sekitar 1,5 mm, lebih kecil daripada brunois"
buah zakar,buah pelir
bubur jagung,"bubur yang terbuat dari jagung halus, dicampur santan, gula, dan daun pandan, dimasak dengan cara direbus"
bubusi,menyiram batu nisan
budel,barang-barang warisan
bujang lapuk,pria yang sudah berusia tua tetapi belum menikah
BUKU,"bank umum berdasarkan kegiatan usaha (sistem pengelompokan bank yang terdiri atas BUKU 1, BUKU 2, BUKU 3, dan BUKU 4, didasarkan pada kegiatan usaha yang disesuaikan dengan jumlah modal inti)"
buku komunikasi,"buku yang digunakan untuk mencatat berbagai kejadian khusus yang perlu ditindaklanjuti, digunakan oleh staf kantor depan"
bukut,orang yang ditugaskan khusus untuk menjaga kamar tempat penyimpanan makanan pada acara pesta sebelum makanan disajikan
bulan sabit merah,organisasi kemanusiaan yang berfungsi sebagai Palang Merah di negara-negara Islam
bulansing,mata kaki
buling,"potongan rotan yang ditusukkan ke hidung kerbau, kemudian dijalin dengan  tali  membentuk lingkaran kecil, berfungsi untuk menarik kerbau"
buluh peleting,tabung bambu tempat kumparan benang (tentang peralatan tenun)
bumbu dapur,"aneka bumbu yang digunakan untuk memasak, terdiri atas jahe, kunyit, serai dan sebagainya"
bundanco,komandan regu pada masa Jepang
bungan,wadah mata sumpit
bungkiang,perut binatang yang lebar ke pinggir karena hamil
bungkus tubuh,"perawatan kuit dengan penempelan aneka pembungkus setelah pemberian masker atau krim selulit, seperti daun pisang, plastik, alumunium foil, dan lainnya"
bunyi hamzah,hamzah
burem,anak panah tradisional yang terbuat dari tulang daun rumbia
buta gender,tidak membeda-bedakan berdasarkan gender
caba,calon bintara
cacadan,kayu penghubung bajak dan kerbau yang dijadikan pijakan pembajak
cacing nipah,"cacing yang memiliki panjang 100—200 cm, berwarna merah muda cerah, biasanya digunakan sebagai umpan pancing dan pendaur ulang nutrien dan sumber protein, hidup di hutan bakau, tersebar di Asia Tenggara; pumpun"
cage,"tarian tradisional khas Awyu, dibawakan oleh laki-laki dan perempuan dengan iringan suara tifa dan nyanyian"
cahaya biru,"cahaya tampak berenergi tinggi dengan panjang gelombang antara 400 hingga 495 nanometer, biasanya digunakan pada peranti elektronik seperti laptop, televisi, dan ponsel untuk meningkatkan keterangan dan kejelasan layar; sinar biru"
cahaya tampak,rentang radiasi elektromagnetik yang dapat dilihat oleh mata manusia dengan panjang gelombang sekitar 380 hingga 750 nanometer dan frekuensi sekitar 430 hingga 750 terahertz
cakar-cakaran,bercakar-cakaran
cakwe,"penganan tradisional khas Tionghoa berupa roti goreng panjang, rasanya asin dan gurih, biasanya ditaburkan ke bubur atau dimakan bersama kopi"
campoang,orang yang membersihkan kapal; perawat kapal
campursari,seni musik dengan perpaduan antara tangga nada diatonik dan pentatonik
canggal,"prasasti peninggalan kerajaan Mataram Kuno, dibuat pada masa pemerintahan Sanjaya tahun 654 Saka, berisi tentang peresmian lingga oleh raja untuk keselamatan dan kesejahteraan rakyatnya, ditulis dengan huruf Pallawa dalam bahasa Sanskerta"
caprakad,calon prajurit kadet
catra,payung kebesaran raja
cattāri ariyasaccāni,"ajaran ajaran Buddha mengenai empat kebenaran, yaitu kebenaran adanya duka, penyebab duka, lenyapnya duka, dan jalan menuju akhir duka; empat kebenaran mulia"
catur weda,"empat bagian dari kitab Weda yang terdiri atas Regweda, Samaweda, Yajurweda, dan Atharwaweda"
cawan-cawan lutut,cencawan
ccp,curi-curi pandang
ceguk,"liana merambat dengan tinggi mencapai 8 m, batang berbentuk silindris dan berongga, permukaan bersisik, bunga menjuntai berwarna merah keunguan, berbau harum, buah bersegi lima memanjang dan berwarna cokelat, digunakan sebagai obat cacing"
celana komprang,celana kombor
celetok,sumber api dari serbuk kawung yang digosok dengan dua bilah bambu
celola,anak tokek; celolmeo; celolo
celolmeo,celola
cemceman,minyak rambut yang berkhasiat untuk kesehatan rambut terbuat dari campuran minyak kelapa dan berbagai bunga
cemceman,wanita simpanan; kekasih gelap
cendawan merah,jamur brama
centang,"pematang yang melengkung, tidak lurus"
cente,wadah minyak dari porselen
ceplukan,cecendet
cerabut,lepas; cabut
cetiya,rumah ibadah umat Buddha berukuran kecil yang dapat dimiliki oleh perorangan
cewo,wadah air untuk mencuci tangan setelah makan
cgs,sistem pengukuran; centimetre gram  second
cia,"tanaman herba tahunan yang biasanya berbunga ungu, biru, atau putih, berdaun hijau limau dengan serat daun berlawanan dan tepi bergerigi, dapat tumbuh hingga 3 meter, termasuk dalam genus Slavia, banyak ditemukan di Amerika Barat Daya hingga Argentina, memiliki biji keabuan dan berminyak yang biasa digunakan dalam berbagai makanan dan minuman"
cici,"butiran-butiran kecil pada jagung yang sudah digiling (sebagai pengganti beras), mengapung bila dicuci (diberi air)"
cicirumbu,"kayu pohon yang digunakan untuk mengobati segala macam penyakit, dengan cara dikunyah disemburkan, disertai mantra ke orang yang sakit"
cincai,maklum; bisa diatur; terserah
cincai,sepakat; setuju
cinta platonik,cinta kasih tanpa nafsu
cinta segitiga,hubungan percintaan yang terjadi di antara tiga orang
cinta setengah mati,sangat cinta
ciparanje,ayam berjengger tiga
ciremi,"hiasan kepala terbuat dari rumput rawa halus atau pucuk daun sagu, dipakai perempuan saat menari"
citra satelit,gambaran permukaan bumi yang diperoleh dari pantulan sinar matahari dari objek yang diterima oleh sensor wahana satelit
citta,bulan ke-4 tahun Buddhis (bulan Maret--April tahun Masehi)
clemer,suka mengambil barang milik orang lain (mencuri; mengutil)
coban,tongkat dengan ujung terbelah yang digunakan menjepit bibit padi untuk ditanamkan dalam tanah
colet,teknik pewarnaan pada kain dengan menggunakan kuas seperti melukis
colongan,curian
condre,alat semacam serok untuk menangkap udang di sungai
cuacaru,"warna putih pada tifa khas Kimaam, melambangkan matahari terbit dan matahari terbenam"
cubek,"alat dari besi, berbentuk tongkat berukuran sekitar 20 cm, digunakan untuk menumbuk sirih dalam lesung besi"
cubluk,pengolahan kotoran manusia menjadi kompos
cucak timor,aluakas
cue,pindang
curcol,"curhat colongan; curhat yang dilakukan bersamaan dengan hal lain yang tidak berhubungan secara langsung, tidak pada waktu dan tempat yang tepat, atau terjadi karena berkaitan dengan topik yang sedang dibicarakan"
curiwis,bunga rumput gelagah
da,"nada pertama pada urutan tangga nada pentatonik, dilambangkan dengan angka 1"
dada tipis,"orang yang rentan sekali terhadap penyakit, misalnya karena angin malam"
dahar kembul,prosesi perkawinan dengan kedua pengantin  makan bersama dan saling menyuapi
dakhineyo,patut menerima jasa yang tiada tara (tentang biksu)
danau kawah,danau vulkanis
danau tektovulkanis,danau alami yang terbentuk karena gabungan proses tektonik dan vulkanis
dapur bersama,"dapur dengan fasilitas memasak yang memadai untuk menyiapkan makanan yang tidak dikonsumsi di tempat atau hanya berupa layanan pesan antar, dapat berupa dapur yang disewakan atau dapur yang digunakan oleh beberapa restoran virtual; dapur hantu"
dapur hantu,dapur bersama
darne,"potongan ikan yang diiris melintang, potongan berbentuk bulat utuh, digunakan untuk membuat steik"
dasair,tradisi menyambut perahu baru dengan memercikkan air dari tempurung kelapa ke perahu
dasariah,bersifat mendasar; yang dasar
dasawisma,kelompok yang terdiri atas sepuluh anggota akseptor KB atau kader PKK dalam satu lingkungan terdekat
daun rambu,pelat aluminium atau bahan lain yang memenuhi persyaratan teknis sebagai tempat ditempelkannya rambu
dawelor,"suku bangsa yg berasal dr atau mendiami wilayah Kabupaten Maluku Barat Daya, Provinsi Maluku"
dawelor,bahasa yg dituturkan oleh suku Dawelor
demprak,permukaan datar yang bisa digunakan untuk duduk atau salat seperti batu dan permukaan tanah
den haag,"kota di Belanda, merupakan kota diselenggarakannya Konferensi Meja Bundar"
depresi pascalahir,"depresi sedang hingga parah pada wanita setelah melahirkan, biasanya terjadi segera, tiga bulan, atau setahun setelah melahirkan"
depresi perinatal,"depresi yang dialami saat hamil atau setelah melahirkan, ditandai dengan kesedihan, kecemasan, dan kelelahan ekstrem yang mengganggu aktivitas sehari-hari"
depresi prenatal,depresi yang terjadi di masa kehamilan
depresi tersenyum,"keadaan seseorang mengalami depresi, tetapi tampak puas atau bahagia dengan hidupnya"
devolusi,"proses ketika sekelompok orang mulai kehilangan kendali, terlalu terbawa situasi yang sedang terjadi, atau tidak mampu menahan diri untuk tidak melakukan tindakan yang dipicu oleh trauma dari penyerangan yang mereka alami"
dewi padi,Dewi Sri
dewi sri,tokoh legenda dalam masyarakat Indonesia yang sering dikaitkan dengan mitologi asal-usul padi; Dewi Padi
diametris,diametral
diametris,berlawanan penuh
diastropisme,"proses deformasi pada fitur utama kerak bumi, termasuk benua, gunung, dasar laut, lipatan, dan patahan"
diberkas,diikat menjadi satu
diet rendah garam,diet penurunan berat badan dengan menghindari asupan garam
digul,tempat untuk minum yang terbuat dari batok kelapa yang dikeringkan
dikdas,pendidikan dasar
dikmen,pendidikan menengah
dimensi satu,dimensi yang hanya memiliki satu unsur dimensi
dinoyo,"prasasti peninggalan kerajaan Kanjuruhan, dibuat pada masa pemerintahan Gajayana tahun 682 Saka, berisi tentang silsilah kerajaan dan pembuatan arca Agastya, ditulis dengan huruf Jawa Kuno dalam bahasa Sanskerta; Kanjuruhan"
disdukcapil,dinas kependudukan dan pencatatan sipil
disfemisme,gaya bahasa yang memilih penggunaan kata kasar untuk tujuan tertentu
dislipidemia,konsentrasi abnormal lipid atau lipoprotein dalam darah
docang,"makanan khas Cirebon yang terdiri atas tauge, lontong, daun singkong, kelapa parut, kerupuk, dan kuah oncom"
dodal,sidik jari; cap jempol
dojang,"tempat latihan seni bela diri Korea, seperti taekwondo, hapkido, dan kumdo"
doksing,"kegiatan mencari, membongkar, dan memublikasikan informasi pribadi seseorang di internet tanpa izin yang bersangkutan, biasanya dilakukan untuk tujuan yang tidak baik, seperti balas dendam atau memberi hukuman"
dokudrama,"drama televisi, film, atau teater yang dibuat berdasarkan interpretasi dari kejadian nyata; dari documentary drama"
dokuseri,tayangan atau film dokumenter yang ditayangkan sebagai program serial; dari documentary series
dolar,"tanaman hias dengan ciri khas daunnya berwarna hijau tua, tumbuh sejajar, berukuran kecil, simetris, dan mengilap, serta pangkal batangnya tampak seperti membengkak"
dompo,ibu yang memiliki dua anak dan keduanya perempuan
dubas,duta bahasa
dudup,bunga turi
dukwa,senjata yang terbuat dari tulang kasuari bagian paha
dusa,denda adat karena berselingkuh
dzongkha,bahasa yang dituturkan di Bhutan
efek mandela,"efek yang terjadi pada sekelompok orang karena salah mengingat sesuatu, tetapi meyakini sesuatu itu benar-benar terjadi; ingatan palsu kolektif"
efek senjata,temuan bahwa keberadaan senjata atau bahkan gambar senjata dapat membuat orang berperilaku lebih agresif
efek tiru,kecenderungan untuk meniru perilaku atau aktivitas yang ditampilkan atau diberitakan secara sensasional oleh media massa
egosentrik,menjadikan diri sendiri sebagai titik pusat pemikiran (perbuatan); berpusat pada diri sendiri (menilai segalanya dari sudut diri sendiri); egosentris
egrang batok,"egrang yang menggunakan tempurung kelapa atau batok yang dibagi dua sbgi pijakan, tiap bagian tempurung diberi tali panjang hingga dapat dipegang untuk mengangkat pijakan"
ekaraga,sanggama; setubuh; koitus
ekg,elektrokardiogram
ekomania,"sikap patologis pada keluarga sendiri, ditandai dengan perilaku mendominasi, dapat memicu kekerasan dalam keluarga"
ekomorfologi,ilmu tentang hubungan antara morfologi organisme dan lingkungannya
ekonomi bahasa,"kehematan dalam penggunaan unsur-unsur
kebahasaan"
ekonomi digital,kegiatan perekonomian yang berjalan secara digital berbantuan internet dan kecerdasan buatan
ekowisatawan,wisatawan yang berlibur untuk memahami budaya dan lingkungan di daerah tertentu
eksokanibalisme,"perilaku kanibalisme atau mengonsumsi
manusia lain di luar kelompoknya"
eksokrin,bersekresi ke luar tubuh; berkenaan dengan sekresi melalui duktus
ekstemporan,tanpa persiapan; impromptu
ekstemporan,teknik atau metode berpidato dengan mencatat hal-hal penting yang akan disampaikan
eksternalitas,biaya atau manfaat yang dihasilkan dari pelaku ekonomi yang memengaruhi kesejahteraan orang lain
elevasi jalan,elevasi yang umumnya diukur dari lapisan paling atas titik bahu dalam atau pada as jalan terhadap referensi ketinggian
elevasi surut,"elevasi yang terbentuk secara alami, berada di atas permukaan laut ketika air surut dan berada di bawah permukaan laut ketika air pasang"
emosi palsu,"emosi yang tidak dialami sendiri, tetapi ditiru, biasa ditemukan pada psikopat"
empala,"iikan air tawar yang panjangnya dapat mencapai 5,5 cm, tubuhnya pipih memanjang dan siripnya merumbai, badannya berwarna abu kecokelatan, sementara sirip, insang, dan mulut bawahnya berwarna biru kehijauan, banyak dimanfaatkan sebagai ikan hias, berasal dari perairan Kalimantan, saat ini tersebar di banyak negara"
empat kebenaran mulia,"ajaran Buddha mengenai empat kebenaran, yaitu kebenaran adanya duka, penyebab duka, lenyapnya duka, dan jalan menuju akhir duka"
endek,kain tenun khas Bali
endonim,"nama untuk sesuatu, khususnya tempat, sekelompok orang, atau bahasa, yang digunakan secara internal di tempat itu, atau oleh orang atau komunitas bahasa itu sendiri"
entik,penakar beras yang terbuat dari tempurung kelapa
entimen,silogisme yang diperpendek dengan tidak menyebutkan lagi premis umum
fabrigami,origami dengan menggunakan bahan dari kain
feb,Fakultas Ekonomi dan Bisnis
femur,"tulang kaki yang terkuat dan terbesar, terletak di antara panggul dan lutut manusia"
ferule,metal yang menjepit penghapus pada pensil
fhi,Federasi Hockey Indonesia
fik,Fakultas Ilmu Kesehatan
filet delais,"filet utuh panjang, kemudian dilipat atau disimpul"
filet mignon,potongan daging sapi yang lembut dari bagian ujung tenderloin
filet troncom,filet yang dipotong bulat utuh
film teatrikal,film yang didesain untuk diputar di gedung bioskop
fosfen,"sensasi melihat cahaya karena rangsangan mekanis retina, seperti ketika mata terpejam atau adanya tekanan pada bola mata"
foto udara,"foto bagian permukaan bumi yang diambil dari udara, menggunakan kamera yang dipasang pada pesawat udara"
fotografi digital,praktik fotografi yang mengambil gambar menggunakan kamera digital dan menyimpannya dalam bentuk digital
fotopsia,gangguan penglihatan yang disebabkan oleh kelainan pada mata atau otak
fujinkai,organisasi wanita pada masa Jepang
gabus pucung,"masakan berkuah khas Betawi, terbuat dari ikan gabus yang dimasak dengan pucung hingga kuahnya berwarna hitam"
gagampam,"penganan, dibuat dari singkong yang diparut halus, dicampur gula merah dan gula pasir, lalu dikukus"
gagape,masakan yang terbuat dari ayam yang diungkep dengan santan dan parutan kelapa goreng
gahgar,pohon kelapa yang sudah tidak berbuah
gaki,seperempat belahan ikan
galapak,terbang ketakutan hingga mengenai barang-barang di sekitarnya pada saat akan ditangkap (tentang ayam dan sebagainya)
galaran,uang hasil menggadaikan sesuatu
gambit,mengorbankan satu atau lebih pion sebagai bagian dari strategi untuk mendapatkan keuntungan dalam gerakan selanjutnya
ganace,"krim yang dibuat dari lelehan cokelat yang dicampur dengan krim dan mentega, digunakan sebagai pengisi atau penyalut kue"
gandum utuh,gandum yang belum mengalami proses penggilingan atau pengolahan lebih lanjut
gangguan obsesif kompulsif,gangguan mental yang ditandai dengan penderita mengalami ketakutan yang tidak terkendali sehingga berperilaku kompulsif dan berulang kali melakukan tindakan tertentu secara tidak sadar
ganjil genap,"kebijakan pembatasan mobil yang dapat melewati suatu jalan pada jam tertentu berdasarkan tanda nomor pada pelat nomor dan tanggal, dilakukan untuk mengurangi kemacetan, kepadatan, dan polusi udara"
gari,"acar jahe muda, biasa disajikan sebagai pelengkap hidangan susyi, sasyimi, dan sebagainya"
garpu ikan,garpu yang digunakan untuk menyantap hidangan ikan
gatot,gagal total
gaya coriolis,gaya pada rotasi bumi yang membelokkan arah arus air laut
gedung parkir,gedung khusus untuk parkir kendaraan sebagai pengganti tempat parkir di lapangan atau pinggir jalan
gejala sastra,"isu-isu seperti pelarangan, pengadilan sastra, kata dan istilah khas yang menjadi perdebatan sastra"
gerimis bubar,bioskop tanpa atap yang penontonnya bubar ketika hujan gerimis; misbar
gibas,gerakan tangan melintang di depan perut untuk menahan tendangan dalam pencak silat
gidau,menghalau dengan mengayunkan tangan atau benda lain
gisi,"panah yang batangnya diikat tali, digunakan untuk menangkap ikan"
glek,"tiruan bunyi orang menelan air, ludah, dan sebagainya"
gogoli,mengencangkan simpul
granola,"campuran gandum gulung, tepung gandum utuh, kacang-kacangan, buah-buahan kering, minyak, dan bahan alami lain, lalu dipanggang, biasanya dimakan sebagai sereal sarapan atau camilan"
guinea ekuatorial,"negara yang terletak di Afrika Barat, beribu kota Malabo"
guliran,sesuatu yang digulirkan
gunseibu,keresidenan pada masa Jepang
habis,batas tumbuhnya rambut di atas jidat
hadiah lawang,"hadiah yang diberikan pada suatu acara khusus dan setiap orang yang hadir memiliki kesempatan untuk menang, biasanya melalui undian"
haji furada,"ibadah haji yang dilakukan melalui program khusus pemerintah Arab Saudi, dikelola oleh agen perjalanan resmi (bukan pemerintah)"
hak digital,"hak untuk mengakses, membuat, memublikasikan, dan menyebarkan material di media elektronik atau media digital"
hamin,"umbi atau buah yang sudah sangat tua dan menumbuhkan tunas, biasanya dipisahkan untuk ditanam kembali, seperti pada kelapa atau keladi"
hari-h,"hari yang ditetapkan untuk melaksanakan sebuah acara atau kegiatan, berasal dari istilah D-day, yakni hari yang ditetapkan untuk meluncurkan operasi invasi Pasukan Sekutu ke Prancis dalam Perang Dunia II pada 6 Juni 1944"
hear,membalikkan padi yang sedang dijemur supaya kering merata
hematolog,ahli hematologi
hemian,ekor pari
hendaya,gangguan atau kekurangan secara fisik maupun mental
hepatoblastoma,"tumor ganas hati terutama pada bayi dan anak kecil, terdiri atas sel yang menyerupai sel hati embrionik"
hermes,"dewa pengantar pesan, dewa penunjuk jalan, dewa pelindung para petualang, dan dewa penuntun arwah dalam mitologi Yunani"
hidangan sepinggan,"hidangan satu porsi lauk lengkap yang terdiri atas sayuran, karbohidrat, dan daging, disajikan dengan cepat"
hiperdefekasi,kondisi buang air besar berlebih
hiperfagi,kondisi nafsu makan berlebih
hipernasionalisme,nasionalisme ekstrem yang memercayai negara sendiri lebih baik daripada negara lain
hipokinetik,penyakit akibat badan kurang bergerak
histeroskopi,prosedur endoskopi untuk memeriksa rahim
hki,HAKI
hoho,serampang yang mata tombaknya bergerigi
hoiltom,menceritakan silsilah keluarga kepada anak cucu
hotel suit,hotel yang seluruh kamarnya berjenis suit
hts,hubungan tanpa status
huan,"alat untuk mencungkil kulit kerang dan mengupas buah kelapa, terbuat dari kayu yang ujungnya diruncingkan"
hudis,hukuman disiplin
"hujan keris lembing di negeri kita, hujan emas perak di negeri orang, baik jua di negeri kita",sebaik-baik negeri orang tidak sebaik negeri sendiri
hulango,bidan kampung yang ditunjuk sebagai pelaksana acara tujuh bulanan
hunta,buah tumbuhan teratai
huto,"gelang yang dipakaikan di pergelangan kaki anak-anak untuk menolak bala, terbuat dari benang berwarna hitam"
huwil,pohon kelapa yang sudah besar
ibu susu,ibu yang menyusui dan merawat bayi yang bukan anak kandungnya; ibu susuan
ibu susuan,ibu susu
ikal mursal,"pola atau ragam hias berbentuk sulur daun yang melingkar, sambung menyambung, dan terbalik"
ikan jenggi,ikan laut bermata besar yang dipercaya sebagai wujud makhluk halus
ikhtilat,perbauran antara laki-laki dan perempuan
iklan dagang,"iklan yang tidak ditujukan langsung kepada calon pembeli, tetapi kepada calon penjual"
ikn,ibu kota negara
ikterius,penyakit kuning akibat kelebihan bilirubin
ikur-ikur,jawawut
imatuak,kapal yang bocor di tengah laut
incipu,arang hitam dari butiran tungku atau jelaga yang dipakai untuk melukis badan penari
indeks prestasi kumulatif,angka yang menunjukkan prestasi belajar mahasiswa dari seluruh mata kuliah yang ditempuh sejak semester pertama sampai akhir
industri pionir,industri pelopor
infal,pengganti
infinit,abadi; kekal
infinit,tidak memiliki batas yang ditentukan; tidak terhingga
ingatan palsu kolektif,efek Mandela
insolvensi,keadaan tidak mampu membayar utang
inspektur tambang,"jabatan fungsional yang mempunyai ruang lingkup tugas, tanggung jawab, dan wewenang untuk melaksanakan pengawasan atas pelaksanaan kegiatan usaha pertambangan"
interpretivisme,pendekatan penelitian ilmu sosial yang menekankan pentingnya sudut pandang responden daripada peneliti
ip,indeks prestasi
ipk,indeks prestasi kumulatif
iredentisme,"prinsip, kebijakan, dan praktik politik yang mengakui atau memasukkan wilayah negara lain karena kesamaan etnis, budaya, dan sejarah"
jakang,"perdu yang tingginya mencapai 2 m, bercabang menyerupai pita memanjang dan beruas-ruas, bentuk daun memanjang, bunga berukuran kecil berwarna putih dan berkelompok, buah bulat lonjong berwarna merah, digunakan sebagai tanaman hias dan obat memar"
jakuzi,bak rendam dengan jet yang mengedarkan dan menyemburkan air terus-menerus
jalo,"perahu yang berukuran panjang 7 m dan lebar 1,5 m,  menggunakan layar dan dua dayung bersilang sebagai penggerak"
jalur rempah,jalur laut yang menghubungkan dunia Barat dan Timur terutama untuk perdagangan rempah
jambalaya,"hidangan nasi yang dimasak dengan cara mencampur daging, sayuran, atau boga bahari dan rempah-rempah dalam satu panci, diunyai hingga matang, rasanya pedas"
jangko,"alat untuk meraut daun pandan, terbuat dari kepingan seng yang bertangkai kayu"
jaramba,"bangunan berbentuk panggung, tempat mengolah masakan pada saat pesta"
jasmerah,jangan sekali-kali meninggalkan sejarah (semboyan yang diucapkan oleh Soekarno)
jatanras,kejahatan dan kekerasan
jataruparajata patiggahana veramani sikhapadam samadiyami,bertekad untuk melatih diri dengan menghindari menerima emas dan perak (uang) (tentang dasasila dalam agama Buddha)
jawab-jinawab,saling berjawab; jawab-menjawab
jebul,botol-botol kecil untuk menyimpan guna-guna atau obat
jenong,menonjol ke depan (tentang dahi dan sebagainya)
jepa,"penganan yang terbuat dari sagu yang dicampur dengan gula merah atau pasir, parutan kelapa muda, dipanggang di atas wajan dengan cara ditekan supaya padat dan pipih"
jetha,bulan ke-6 tahun Buddhis (bulan Mei--Juni tahun Masehi)
jibrut,kesenian tradisional dengan iringan bunyi dari tepukan tangan di ketiak dan belakang dengkul
jjs,jalan-jalan sore
joenan,bambu untuk rel tali pancing
jong,tiruan perahu sebagai sarana upacara selamatan laut masyarakat Bangka Belitung
jotos runjam,pukulan dengan ayunan tangan ke atas (tentang olahraga tinju)
juara harapan,juara yang meraih gelar di bawah tiga besar
julien,potongan tipis panjang seperti korek api
jumat agung,"hari Jumat dalam rangkaian Prapaskah, minggu ketujuh, sebagai peringatan penyaliban Yesus Kristus di Golgota"
jumat agung,"hari Jumat terakhir Prapaskah, diisi dengan liturgi untuk memperingati wafatnya Yesus"
jurnal kas,"jurnal yang mencatat kronologis transaksi kas, catatan dimasukkan ke dalam buku besar kas"
juru bahasa isyarat,orang yang kerjanya menerjemahkan bahasa penutur ke bahasa isyarat
juru langsir,orang yang bertugas melangsir di stasiun
jutek,judes
kabur-kaburan,kabur berkali-kali
kabus,"gerbong yang dirangkaikan di ujung kereta untuk operator kereta, seperti juru rem"
kacingcalang,"telur yang tidak tererami, sehingga gagal menetas"
kadalan kembang,"burung sejenis bubut, tubuh bagian atas berwarna abu-abu, bagian bawah berwarna merah karat, paruh berwarna merah karang dengan ekor panjang dan ujung ekor bagian dalam berwarna putih seperti undakan, pemakan serangga, berhabitat di hutan dan kebun, tersebar di Semenanjung Malaysia dan Indonesia (Sumatra, Kalimantan, dan Jawa)"
kadu,tas yang dibuat dari kain (perca)
kaduaya,burung gagak
kafamatai,"upacara tabur bibit pertama, bertujuan agar tanaman tumbuh subur dan berhasil, tidak diganggu hama dan penyakit"
kahohon,tali yang terbuat dari kulit kayu
kahuripan,kerajaan Hindu-Buddha di Jawa Timur yang didirikan pada tahun 1019 Masehi oleh Airlangga
kain baki,"kain yang ditaruh pada baki, biasanya kain
flanel, untuk menjaga agar baki tidak licin dan menyerap cairan atau minuman yang tumpah di atas baki"
kain pelayan,"kain putih yang disampirkan di lengan pelayan, digunakan untuk melindungi tangan dari paparan panas hidangan dan menjaga kebersihan tangan"
kaji ulang,pengkajian ulang terhadap sesuatu yang telah dihasilkan
kak,kerangka acuan kerja
kaku mayat,"kekakuan pada mayat, biasanya terjadi beberapa jam setelah kematian dan berlangsung hingga beberapa hari"
kalaarum,anak perempuan yang mempunyai bentuk jengger ayam pada bagian tubuhnya dan dipercaya bersifat cerewet pada suami
kalangan,pasar yang beroperasi pada hari-hari tertentu saja
kalazion,benjolan kecil pada kelopak mata; bintitan
kalinjing,jari kelingking
kalobe,"labu yang berbuah keras dan berleher kecil, biasanya dijadikan sebagai tempat tuak atau air minum"
kambatu,dendeng dari daging kerbau atau rusa
kanape,"makanan pembuka yang terdiri atas selapis roti, roti panggang, atau biskuit kecil dan makanan asin (keju, kaviar, dan sebagainya) di atasnya"
kancing baju,benik
kandang baterai,"kandang yang menyerupai sangkar, berbentuk kotak panjang dengan sekat pada ukuran tertentu, biasa digunakan pada peternakan ayam petelur"
kanister,"wadah berbentuk bulat atau silinder yang kokoh, biasanya terbuat dari logam atau plastik untuk menampung makanan atau bahan kimia"
kanjuruhan,kerajaan Hindu di Jawa Timur yang didirikan pada abad ke-8 Masehi dengan Gajayana sebagai rajanya yang paling terkenal
kapanewon,wilayah atau daerah yang dipimpin oleh panewu
kapeh,menyusun papan untuk membuat perahu mulai dari lunas hingga mencapai ketinggian tertentu
kapibara,"mamalia pengerat terbesar kedua, tergolong hewan semiakuatik, sebagian besar ditemukan di Amerika Selatan bagian utara dan tengah"
kapuan,"kotak yang terbuat dari perunggu untuk menyimpan barang, seperti perhiasan, uang, dan bahan untuk menyirih"
kara,"perhiasan yang dibuat dari kulit kerang, berbentuk bundar dengan bagian tengah berlubang, biasanya dipasang pada baju, perisai besar, atau topi yang dipakai penari perang pada pesta kematian"
kartun politik,kartun editorial
kasai,sabun dari daun-daunan yang dilumatkan
kasbon,dana pinjaman yang disediakan oleh perusahaan sebagai fasilitas bagi karyawan untuk mengambil sebagian gaji bulanan lebih awal sebelum waktu penerimaan gaji
kaseda,kain merah yang biasa dipakai pada pesta kematian atau pada acara persembahan kepada dewata
kata dengung,"kata kunci, biasanya berupa kata teknis, yang trendi dan telah banyak digunakan untuk memberikan kesan baik, penting, atau khusus"
katalog penerbit,katalog yang berisi daftar buku yang diterbitkan oleh penerbit untuk dijual
kaus wangki,kaus polo
keberhargaan,perihal berharga
kecipul,tidak membayarkan hak orang lain
kecipul,menggelapkan uang
kecorong,serunai yang terbuat dari batang padi dengan corong dari daun kelapa
kecuwis,bunga jengkol
kedang,"penampakan bulan antara sabit dan purnama, terjadi pada malam ketujuh atau kedelapan"
kedemang,gelar kepemimpinan untuk orang yang menangani hubungan orang Kubu dengan orang luar
kedokteran veteriner,ilmu kedokteran hewan
kegenitan,kecentilan
kegenitan,terlalu genit
kekerasan seksual,segala bentuk tindakan terkait dengan hasrat seksual seseorang yang dilakukan secara paksa kepada orang lain
kelas embun,pelacur berbayar rendah karena melacur di ruang terbuka atau beralaskan rumput
kelengku,lesung yang  terbuat dari kayu
kelupas,lepas kulit
kembar buncing,kembar dampit
kemeja pantai,kemeja hawai
kemilat,kilatan; kilauan
kemilat,berkilat; berkilau
ken arok,raja pertama Singasari yang memerintah pada tahun 1222--1227 Masehi
kendaraan berat,"kendaraan yang memiliki 6 roda atau lebih dgn muatan beban 3,5 ton atau lebih"
kendaraan ringan,"kendaraan bermotor dengan dua as berjarak 2--3 m dan empat roda yang meliputi mobil penumpang, opelet, mikrobus, dan truk kecil"
kendaraan takbermotor,"kendaraan dengan roda yang digerakkan oleh manusia atau hewan, meliputi sepeda, becak, kereta kuda, dan kereta dorong"
kentang tumbuk,"hidangan terbuat dari kentang rebus, ditumbuk hingga lembut, biasanya ditambahkan mentega dan susu untuk memperkaya rasa"
kepelbagaian,hal atau keadaan berbagai-bagai atau beraneka macam
kepengin,ingin
kepergian awal,kepergian tamu meninggalkan hotel sebelum waktu yang ditentukan; kepulangan awal
kepulangan awal,kepergian awal
kerangka acuan kerja,"dokumen perencanaan kegiatan yang memuat perincian latar belakang, tujuan, pelaksanaan, pelaksana, biaya, dan sebagainya; KAK"
kereta merta,mobil jenazah
keridaan,perihal rida
kertajaya,raja terakhir Kediri yang memerintah pada tahun 1200--1222 Masehi
kertanegara,raja terakhir Singasari yang memerintah pada tahun 1272--1292 Masehi
khilafah,kekhalifahan
khilafah,"kepemimpinan secara umum dan luas, baik dalam urusan agama maupun dunia sebagai pengganti kepemimpinan Nabi Muhammad saw."
kia,kartu identitas anak (kartu identitas yang digunakan untuk anak berusia di bawah 17 tahun)
kitab terasul,panduan menulis surat-menyurat Melayu
kkn,"korupsi, kolusi, dan nepotisme"
klasiring,penentuan kelas dan batas tanah
klatan,penyajian gending secara mandiri dan tidak berkaitan dengan bentuk kesenian yang lain
kluwer,muncul dan berbelok tiba-tiba
knalpot brong,knalpot yang tidak dilengkapi tabung peredam atau partisi sehingga menghasilkan suara bising
koasuransi,pertanggungan yang dilaksanakan secara bersama-sama oleh beberapa perusahaan asuransi atas suatu objek asuransi tertentu
kode pos,rangkaian angka atau huruf yang ditambahkan pada alamat pos untuk memfasilitasi penyortiran dan pengiriman surat
kodu-kodu,"wadah yang terbuat dari buah maja kering, digunakan sebagai tempat menyimpan air"
kohando,"wadah berukuran kecil terbuat dari pelepah sagu, biasanya berbentuk tabung, digunakan untuk membawa barang (tomat, rambutan, dan lain-lain)"
kolab,kolaborasi
kolam pusaran,"kolam kecil untuk berendam, menggunakan sirkulasi air yang cepat dan berputar"
kolektibilitas,kekolektifan
kolrabi,"sayuran sejenis kubis dengan bentuk umbi bulat, dipanen saat musim semi"
komputer tablet,komputer genggam yang dioperasikan melalui layar sentuh atau pena digital; komputer genggam
komunitas bahasa,kelompok atau kumpulan orang yang meminati dan berkecimpung dalam bidang bahasa
konsom,"sup bening yang terbuat dari kaldu dan
sayuran ditambah daging cincang dan putih telur, dihidangkan dengan atau tanpa hiasan"
kopi saring,"kopi khas Aceh, dibuat dengan cara disaring berkali-kali menggunakan saringan kain berbentuk kerucut"
kota baja,sebutan untuk Kota Cilegon
kota bawang,sebutan untuk Kota Brebes
kota intan,sebutan untuk Kota Martapura
kota kretek,sebutan untuk Kota Kudus
kota mangga,sebutan untuk Kota Indramayu
kota proklamator,sebutan untuk Kota Blitar
kota seribu sungai,sebutan untuk Kota Banjarmasin
kota telur asin,sebutan untuk Kota Brebes
kota wali,sebutan untuk Kota Demak
kotabi,buku yang mencatat adat istiadat di bagian pulau Halmahera yang dikuasai oleh kesultanan Ternate
kreol haiti,bahasa yang dituturkan di Haiti
krim dingin,krim yang digunakan untuk mendinginkan kulit
kriptologi,ilmu tentang cara atau praktik mengenkripsi dan mendekripsi informasi
kromatik,berwarna
krone,satuan mata uang Denmark dan Norwegia
kuas alis,"kuas kecil dengan sudut miring, lurus, atau bulat, berbulu kaku, digunakan untuk membentuk alis"
kuasisewa,"sewa menyewa properti selain tanah, misalnya sewa beli mesin untuk perusahaan industri yang dibiayai oleh lembaga pembiayaan"
kudungga,raja pertama Kutai yang memerintah pada abad ke-4 Masehi
kue,"kartu uang elektronik (kartu dengan cip yang berisi uang elektronik, biasa digunakan untuk transaksi dengan menempelkan kartu pada alat pembaca transaksi)"
kue balok,"kue tradisional khas Jawa Barat yang berbentuk menyerupai balok, terbuat dari bahan utama terigu, telur, gula, dan susu, dapat dipanggang maupun dikukus, bertekstur menyerupai bolu, tetapi lebih padat, tersaji dalam berbagai rasa"
kue satu,"kue yang dibuat dari tepung kacang hijau dan gula yang dicetak satu-satu dan dijemur hingga padat, bertekstur keras, berwarna putih, dan rasanya manis gurih"
kufi,"salah satu bentuk kaligrafi Arab tertua, berasal dari Kuah pada abad ke-7"
kuker,kue kering
kulopu,tali atau kain yang dibakar untuk mengusir nyamuk
kuna,satuan mata uang Kroasia
kunefe,"penganan yang biasa ditemukan di Timur Tengah, dibuat dari keju leleh yang disiram sirup, biasanya disajikan dengan bubuk atau taburan pistacio cincang, bertekstur renyah di luar dan lembut di dalam"
kunggumo,tidak bisa bergerak karena takut
kuning pucat,kuning yang tidak terang; campuran warna kuning dan putih
kunting,kondisi kurang gizi kronis yang ditandai dengan tubuh pendek pada anak balita (di bawah usia 5 tahun)
kupang jawa,kupang merah
kurleb,kurang lebih
kursut,penggaris yang terbuat dari kayu (peranti tukang kayu)
kuti,tempat tinggal para biksu dan biksuni di lingkungan wihara
kw,palsu dan berkualitas jelek
kwarran,kwartir ranting
kwartir cabang,kwartir tingkat kabupaten atau kota
kwartir daerah,kwartir tingkat provinsi
kwartir nasional,kwartir tingkat nasional
kwartir ranting,kwartir tingkat kecamatan
kālena dhammasākacchā,membahas darma pada saat yang sesuai (tentang salah satu cara meraih berkah kehidupan yang terdapat dalam maṅgala sutta agama Budha)
laban,"pohon yang tingginya mencapai 25 m, bunga dalam malai berwarna putih dan ungu, buah bulat berwarna hitam keunguan, kayu sangat kuat dan tahan lama sehingga banyak digunakan dalam pembuatan mebel, daun berbentuk elips yang dilapisi bulu berwarna hijau kekuningan, secara turun temurun digunakan oleh suku Dayak sebagai obat disentri"
laboratorium forensik,laboratorium yang digunakan untuk mengolah data-data forensik
laboratorium kriminal,laboratorium yang digunakan oleh kepolisian untuk memeriksa bukti dalam pemecahan kasus
labu jepang,kaboca
laci,membersihkan rumput dengan cara membuat saluran utk menyimpan rumput
lagar,mengendarai kuda tanpa pelana
laku keras,sangat laku; laris manis
lamat,kasur tipis
lampu tidur,lampu khusus dengan watt yang rendah untuk menemani tamu tidur
landas peraga,pentas peraga
langkanae,istana kerajaan Luwu
lantoyung,terung yang tidak dapat dimakan
lantung,sentuh
lao tse,Laozi
lao tzu,Laozi
laozi,pendiri ajaran taoisme; Lao Tse; Lao Tzu
lapang pandang,medan penglihatan
late,kafelate
lats,mata uang Latvia sebelum euro
lautan teduh,Samudra Pasifik
lawan kata,antonim
lawan main,orang yang menjadi lawan ketika beradu akting dalam suatu produksi dan sebagainya
legig,pengejar binatang buruan yang telah dilukai oleh pemburu
lek,satuan mata uang Albania
leka,"rekaman, tulisan, atau huruf"
leker,krep
lembar kerja,lembar untuk mengerjakan suatu tugas atau pekerjaan
lembar kerja,lembar berupa matriks sel tunggal dalam program pengolah data yang dapat dikelompokkan dengan yang lain dalam buku kerja tertentu
lembatang,lembar batang
lembing,serangga sejenis kepik yang dalam jumlah banyak bisa menjadi hama padi
lemiding,lemidi
lengkeng merah,"lengkeng yang berasal dari Thailand, berukuran besar, kulit buah berwarna merah, daging buah berwarna putih, tebal, dan manis, cukup adaptif di dataran rendah, cepat berbunga dan berbuah, bermanfaat untuk memperlancar peredaran darah dan melindungi tubuh dari radikal bebas; lengkeng rubi"
leukoplas,plastid yang tidak mengandung pigmen apa pun sehingga tidak berwarna
lewah pikir,berpikir berlebihan
libot,teknik membelit kaki dan membanting badan lawan ke samping atau ke depan dalam benjang
lidi-lidian,mi lidi
liger,mamalia karnivor hasil persilangan singa jantan dan harimau betina; simau
limbah domestik,"limbah yang berasal dari usaha dan/atau kegiatan permukiman, rumah makan, perkantoran, perniagaan, apartemen, dan 
asrama"
limbah elektronik,"limbah produk elektronik yang habis masa pakainya, seperti komputer, televisi, telepon genggam, mesin cuci, dan sebagainya; sampah elektronik"
limbah perumahan,limbah buangan yang mengandung kotoran hasil kegiatan manusia di perumahan
lingkar pesak,ukuran pada celana dari pinggang depan melewati selangkangan sampai pinggang belakang
lit,alat yang terbuat dari daun rotan muda yang dikeringkan dan digunakan untuk mengikat tangkai bulir padi
litas,mata uang Lituania sebelum Euro
literati,"sastrawan, budayawan, atau kaum terpelajar"
longan,lengkeng
longgo,tadi malam
losap,lewat tanpa permisi (di depan orang-orang tua atau orang yang lebih tua)
loti,mata uang Lesoto
luluran,hasil melulur
luso,mencuci peralatan dapur dengan air dan menggosoknya dengan tangan (tanpa memakai sabun atau alat pembersih)
mabad,Markas besar TNI Angkatan Darat
mabims,"Menteri Agama Brunei Darussalam, Indonesia, Malaysia, dan Singapura"
macancan,hancur atau terkoyak-koyak tepinya (tentang kain dan kertas)
magasira,bulan ke-12 tahun Buddhis (bulan November--Desember tahun Masehi)
maha,sangat; amat; teramat (tentang Tuhan)
majapahit,kerajaan Hindu-Buddha di Jawa Timur yang didirikan pada tahun 1293 Masehi oleh Raden Wijaya
makaroni keju,"makaroni rebus yang disajikan dengan saus keju, dapat langsung dimakan atau dipanggang sebelum disantap"
makrab,malam keakraban
makrolida,antibiotik untuk mengatasi penyakit akibat infeksi bakteri
malagandhavilepana dharanamandana vibhusanatthana veramani sikhapadam samadiyami,"bertekad untuk melatih diri menghindari pemakaian bunga-bungaan, wangi-wangian, dan kosmetik untuk menghias dan mempercantik tubuh (tentang dasasila agama Buddha)"
malagasi,bahasa yang dituturkan di Madagaskar
malta,"negara yang terletak di Eropa bagian selatan, beribu kota Valletta"
malta,bahasa yang dituturkan di Malta
mamandapan,gerak tari yang berupa langkah dengan tumit diangkat perlahan sambil mengubah arah badan ke kanan dan ke kiri
mandalika,"daerah di bagian selatan pulau Lombok, terkenal dengan keindahan lautnya"
mandalika,nama tokoh puteri yang sangat cantik dalam cerita rakyat Lombok
mangaruho,"membersihkan bagian dalam suatu wadah (botol, gelas, dan sebagainya) dengan cara diisi air, kemudian diguncangkan"
manhaj,cara; metode; sistem berpikir
manusia perak,manusia silver
manusia silver,orang yang mengecat sekujur tubuhnya dengan warna perak; manusia perak
manusia tercepat di dunia,gelar yang biasa diberikan kepada pemegang rekor dunia lari cepat 100 m
marasi,"herba yang tingginya mencapai 1 m, batangnya bulat, bunganya kecil berwarna kuning cerah dan tersusun rapat, buah buni berbentuk bulat, warna bening keputihan, bisa digunakan sebagai pemanis, daun tumbuh langsung dari batang dalam tanah, bentuknya memanjang dan bertekstur seperti lipatan-lipatan kecil, sering digunakan sebagai pembungkus makanan tradisional di Karo, digunakan sebagai tali dan bahan pembuatan benang"
mardihuta,perempuan yang baru melahirkan
mardumon,memakan beras (biasanya saat membersihkan beras)
marga laju,travelator
margitik,bercanda ria
martarombo,saling menerangkan silsilah untuk mengetahui kekerabatan
mastektomi ganda,mastektomi seluruh payudara
mastektomi tunggal,mastektomi sebagian payudara
mata susan,"liana merambat yang panjangnya mencapai 5 m, batang silindris dan ramping, daun berbentuk hati atau bulat telur yang ditutupi bulu-bulu halus, bunga berwarna kuning kemerahan dengan lima helai mahkota berbentuk lonjong, bagian tengah bunga berwarna hitam keunguan, buah bulat berparuh panjang dan runcing, sering digunakan sebagai tanaman hias dan obat"
mataram kuno,kerajaan Hindu-Buddha di Jawa Tengah yang didirikan pada tahun 732 Masehi oleh Sanjaya
matrioska,"satu set boneka kayu tradisional Rusia dengan rupa sama, tetapi ukuran yang berbeda-beda, yang dirancang khusus agar boneka yang paling kecil bersarang di dalam boneka yang lebih besar yang kemudian bersarang di boneka yang lebih besar berikutnya dan seterusnya sehingga menjadi satu"
megohm,megaohm
melantung,berbunyi keras (seperti benda yang meletup)
melantung,berbau busuk sekali
melantung,menyentuh
melembut,menjadi lembut
melempengkan,membuat jadi lempeng(an)
membagi-bagi,membagi (dalam jumlah banyak)
membagi-bagi,membagikan
membarikade,menghalang jalan
membengkok-bengkokkan,membengkokkan berkali-kali; membuat jadi lebih bengkok
membentak-bentak,membentak berulang kali
membuang tabiat,"berkelakuan atau bercakap aneh, biasanya sebelum meninggal dunia"
membujetkan,membuat bujet; menganggarkan
membungkuk-bungkukkan,membuat jadi lebih bungkuk; membungkuk berkali-kali
membungkukkan,membuat jadi bungkuk
memenggal-menggal,memotong jadi beberapa bagian
memosting,mengepos
memperumit,membuat jadi lebih rumit
menavigasi,melakukan navigasi
mencadari,menutup dengan cadar
mencakar-cakar,mencakar berkali-kali
mencandai,bercanda kepada
mendapuk,mengatur; merancang; mempekerjakan
mendebatkan,berdebat tentang
mendepresiasi,melakukan depresiasi
menebak-nebak,menduga-duga
menensi,mengukur tensi
mengaba-aba,memberi aba-aba
mengacung-acungkan,mengacungkan berulang-ulang
mengafkir,menolak; menampik
mengageti,membuat kaget dengan sengaja
mengaidahkan,membuat jadi kaidah
mengeataskan,mengarahkan ke atas; menjadikan ke atas; menaikkan
mengebawahkan,mengarahkan ke bawah
mengebawahkan,menjadikan ke bawah; menurunkan
mengedukasi,memberi edukasi
mengeksisi,melakukan eksisi
mengguna-guna,melakukan guna-guna
mengimpersonasi,melakukan impersonasi
mengingat-ingat,mengingat berkali-kali
mengodor,marah berkepanjangan
mengompresi,melakukan atau membuat kompresi
menjungkirkan,membuat jadi berjungkir; menunggingkan
menopause bedah,menopause yang terjadi akibat pengangkatan ovarium
menopause medis,menopause yang terjadi sebelum usia 40 tahun
mentawan,"liana berkayu dengan daun lonjong, bunga berwarna merah muda keunguan, bertumpu pada tandan dan menyerupai kepala bercabang, buah kecil lonjong berwarna biru, memiliki kadar antioksidan tinggi, berkhasiat sebagai tanaman obat untuk nifas, nyeri, dan sebagainya"
mentega leleh,mentega yang dilelehkan
menua,kampung halaman
menyangka-nyangka,menduga-guga; mengira-ngira
meput lesung,acara makan seruit bersama setelah upacara adat dengan cara mencomot langsung dari lesung
merawang,makan bersama di alam terbuka
mime,drama tanpa kata-kata yang dimainkan dengan gerak dan ekspresi wajah tanpa topeng atau riasan muka
mime,pemain mime dan pantomim
minapolitan,"konsepsi pembangunan ekonomi kelautan 
dan perikanan berbasis kawasan"
mincid,gerak kaki melangkah ke depan dengan telapak kaki serong
minyak cabai,"saus yang terbuat dari cabai kering giling dan rempah-rempah yang direndam dalam minyak panas, digunakan sebagai sambal pada masakan Cina"
minyak gosok,"minyak yang digosokkan ke tubuh untuk melemaskan otot, menghangatkan tubuh, dan sebagainya"
misbar,perpindahan pegawai antarinstansi
misbar,gerimis bubar
mitigasi bencana,"upaya mengurangi risiko bencana, baik secara struktur atau fisik"
mobil hiper,"mobil sport yang terbuat dari material eksotis mahal untuk menghasilkan berat minimum, diproduksi manual, berkecepatan maksimal sekitar 230 mil per jam, berharga di atas 1 juta dolar, jumlah yang dipasarkan biasanya kurang dari 100 unit"
mobil listrik,mobil yang digerakkan dengan bantuan tenaga listrik dari baterai
mobil super,"mobil sport yang terbuat dari aloi ringan dan komposit mahal untuk mengurangi massa, diproduksi sebagian besar secara manual, berkecepatan maksimal sekitar 200 mil per jam, berharga di atas 200 ribu dolar, jumlah yang dipasarkan biasanya kurang dari 1.500 unit"
mondokaki,"perdu yang tingginya mencapai 5 m, batang berkayu bergetah putih susu, daun elips, bunga petal 5 berwarna putih dengan tepi bergelombang, buah berbentuk kapsul, sering digunakan dalam berbagai pengobatan"
monev,monitoring dan evaluasi
monggo,silakan
monitoring,pemantauan
morfografi,"aspek geomorfologi yang menyatakan bentuk dan ukuran dari suatu ketampakan di permukaan bumi, misalnya bentuk lereng cembung, bentuk lembah seperti huruf V"
morfoleksikal,berkaitan dengan morfoleksikon
morfoleksikon,telaah tentang satuan bunyi yang membentuk morfem
morfometri,"aspek geomorfologi yang menyatakan ukuran dari ketampakan, misalnya kemiringan lereng sebesar 15%, panjang lereng 10 meter"
morfosintaksis,telaah tentang kategori gramatikal yang secara bersamaan mempertimbangkan kriteria morfologi dan sintaksis
morganatik,pernikahan antara bangsawan dan rakyat biasa yang menyebabkan keturunannya tdk memiliki hak kebangsawanan
mrt,moda raya terpadu
mule,selop tertutup di bagian depan/ujung sepatu
munan,kebun buah
musavada veramani sikkhapadam samadiyami,bertekad untuk melatih diri menghindari ucapan yang tidak benar (tentang dasasila agama Buddha)
musim ramai,periode keramaian hotel ketika harga kamar berada di posisi tertinggi
mutanajis,bercampur dengan najis
mutiara dari timur,sebutan bangsa Eropa pada masa dahulu untuk Nusantara (khususnya Maluku) karena hasil rempahnya yang melimpah
naira,satuan mata uang Nigeria
namo buddhaya,"terpujilah Buddha, diucapkan sebelum mengawali kegiatan, seperti sebelum puja bakti, ceramah, dan diskusi"
namo dhammāya,terpujilah darma (lazim diucapkan untuk menghormati keluhuran ajaran Buddha)
narsum,narasumber
nasabah debitur,nasabah yang memperoleh fasilitas kredit atau menempatkan dananya di bank dalam bentuk simpanan berdasarkan perjanjian bank dengan nasabah
nasi gonjleng,"nasi khas Cirebon, bumbunya seperti nasi kebuli, biasanya dihidangkan pada hari-hari besar"
nay pyi taw,ibu kota negara Myanmar
nektonik,berkaitan dengan nekton
neli,nenek lincah
nichiren daishonin,"aliran agama Buddha yang berpusat di Jepang, mempraktikkan ajaran aliran Mahayana yang menekankan pada Sutra Teratai"
nirpidana,impunitas
nyamu,bau kain yang terbakar
onkolog,ahli onkologi
ordonator,pejabat yang mengeluarkan surat perintah membayar uang atas beban kantor bendahara
ori,orisinal
orkestrator,orang yang menulis aransemen orkestra
oseania,"gugusan pulau di Samudra Pasifik dan laut sekitarnya, termasuk Melanesia, Mikronesia,  dan Polinesia"
ovāda pātimokkha,"ajaran agama Buddha yang mengajarkan untuk tidak melakukan kejahatan, menambah kebajikan, serta menyucikan hati dan pikiran"
padewakang,"perahu tradisional Sulawesi Selatan yang menjadi asal muasal perahu Pinisi, bentuk lambungnya berukuran sedang yang dilengkapi dengan satu sampai dua geladak, kemudi samping dan layar dari tikar (tenunan daun lontar) yang dipasang pada sebatang tiang tripod tanpa laberang"
padus,paduan suara
pagu indikatif,perkiraan pagu anggaran yang diberikan kepada kementerian/lembaga sebagai pedoman dalam penyusunan rencana kerja kementerian/lembaga
pakaian preman,"pakaian biasa, bukan pakaian militer"
paku baja,paku batu
pali,bahasa kuno yang merupakan salah satu bahasa liturgis agama Buddha
palilalia,"gangguan bicara yang ditandai dengan pengulangan, kata, frasa, atau kalimat yang tidak disengaja"
palugada,"apa yang lu mau, gue ada (istilah yang merujuk kepada usaha menyediakan beragam barang sesuai permintaan konsumen)"
paluk,memilih padi yang dipanen untuk benih
panarat,tali kendali pada bajak
panatipata veramani sikkhapadam samadiyami,bertekad untuk melatih diri menghindari pembunuhan (tentang dasasila agama Buddha)
pancing senggol,"rawai tanpa umpan dengan jumlah kail yang banyak, jarak antar kail 40-- 50 cm"
pandan laut,"tanaman yang biasanya tumbuh di tepi pantai, tinggi mencapai 4 m, memiliki daun tipis dan tajam menyerupai pedang"
pandita,perumah tangga yang memberikan pelayanan kepada umat Buddha
panduan riyadh,panduan bagi petugas dalam proses penahanan anak
panwas,panitia pengawas
panyipat,bambu atau kayu untuk meratakan beras yang akan ditakar
papan lahat,papan untuk menutup liang lahat
papan partikel,papan yang dibuat dari serpihan kayu dan bahan perekat sintetis
papiloma,tumor jinak di kulit yang muncul karena penebalan lapisan kulit berlebih; kutil
papua barat daya,"provinsi yang terletak di Papua, beribu kota Sorong"
papua pegunungan,"provinsi yang terletak di Papua, beribu kota Jayawijaya"
papua selatan,"provinsi yang terletak di Papua, beribu kota Merauke"
papua tengah,"provinsi yang terletak di Papua, beribu kota Nabire"
parahita ekapraya,"penghargaan pemerintah yang diberikan kepada kementerian, lembaga, atau pemerintah daerah atas komitmen dan keberhasilan pengarusutamaan gender dalam program dan kegiatannya"
paramakarya,penghargaan pemerintah tingkat nasional yang diberikan kepada perusahaan yang mampu meningkatkan produktivitasnya selama tiga tahun berturut-turut
paramita,"ajaran yang menjelaskan sifat luhur, terdiri atas sadparamita dan dasaparamita"
parapet,"dinding pelindung di sepanjang tepi atap, jembatan, atau balkon; birai"
pararaton,kitab sastra yang menceritakan silsilah raja-raja Singasari dan Majapahit
parasol,tabir surya
parasol,payung pelindung dari sinar matahari
paremiografi,penulisan atau pengumpulan peribahasa
paremiografi,tulisan atau buku peribahasa
parenteral,"tidak melalui pencernaan (tentang pemberian obat, nutrisi melalui pembuluh darah)"
pargonsi,pemain kesenian tradisional gondang
pasar,"jangka waktu menurut budaya Jawa, jumlahnya lima hari"
pasar sepi,"keadaan tingkat jual sangat tinggi tetapi tingkat belinya sangat kecil, terdapat kesenjangan suku bunga, daya beli konsumen yang menurun, dan berbagai faktor lain yang membuat tingkat penjualan menjadi sangat rendah"
patambon,rumah yang sudah ditinggal oleh penghuni
patni,istri
pekerja takterlatih,pekerja yang melakukan pekerjaan tertentu dan tidak memerlukan latihan atau keterampilan khusus
pekerja terlatih,pekerja yang melakukan pekerjaan tertentu dan memerlukan pelatihan dan keterampilan
pelampung perahu,ambau1
pelarap,"buku, novel, dan sebagainya dengan tingkat penjualan tinggi"
pemakai bahasa,bahasawan
pemandu pandang,orang yang memandu tunanetra dalam melakukan berbagai aktivitas
pembaiatan,"proses, cara, perbuatan membaiat"
pembau,alat untuk membaui
pemberdaya,orang yang memberdayakan
pemfungsionalan,menjadikan fungsional atau berfungsi
pendaman,hasil memendam
pengabsen,orang atau alat yang mengabsen
pengalas,"alat (tikar, daun, dan sebagainya) yang digunakan untuk mengalaskan"
pengalih suara,orang yang mengalihsuarakan
pentateukh,lima kitab dalam Perjanjian Lama; Taurat
pentigraf,cerpen tiga paragraf
penyakit alzheimer,"penyakit yang merupakan bentuk umum demensia (kerusakan mental progresif), biasanya dimulai pada akhir usia paruh baya, secara klinis ditandai dengan kehilangan ingatan, kebingungan, dan disorientasi, secara patologis antara lain dengan degenerasi dan kehilangan neuron"
pepermin,"tumbuhan yang memiliki rizom, berbatang halus, daun berwarna hijau gelap dengan tulang daun kemerahan, ujung daun meruncing, dan tepi daun bergigi serta permukaannya kasar seperti berambut, berbau menyengat, dibudidayakan untuk minyak asirinya, berasal dari Eropa dan Timur Tengah"
peran dalam,"peran yang muncul dari emosi pemeran, dihasilkan dari pelatihan yang lama dan intens"
peran komikal,peran yang memperlihatkan gerak-gerik fisik yang lucu
peran lintas,peran melalui gerakan berpindah-pindah dan melintasi area-area pertunjukan di atas panggung
peran meniru,peran yang meniru tingkah laku orang-orang tertentu di masyarakat untuk memperkuat karakter tokoh cerita
peran natural,peran alamiah atau akting yang tampak wajar
perangkatan,alat-alat perlengkapan
perangkatan,perangkat
perangkatan,hal menaikkan atau mengangkat benda dan sebagainya
perbapakan,hal yang berkaitan dengan bapak
perbapakan,patriarkat
perbibin,bagian maskawin yang diserahkan kepada saudara perempuan dari ibu mempelai wanita
perppu,peraturan pemerintah pengganti undang-undang (peraturan pemerintah sebagai pengganti undang-undang yang dibentuk dalam kegentingan yang memaksa)
persaja,Persatuan Jaksa Indonesia
perseroda,perusahaan perseroan daerah
perum bulog,Perusahaan Umum Badan Usaha Logistik (BUMN yang bergerak di bidang logistik pangan)
perum damri,Perusahaan Umum Djawatan Angkoetan Motor Repoeblik Indonesia (BUMN yang bergerak di bidang transportasi darat)
perum perumnas,Perusahaan Umum Perumahan Nasional (BUMN yang bergerak di bidang perumahan dan permukiman)
perum peruri,Perusahaan Umum Percetakan Uang Republik Indonesia (BUMN yang bergerak dalam pencetakan uang dan dokumen penting lainnya milik negara)
perum pfn,Perusahaan Umum Produksi Film Nasional (BUMN yang bergerak di bidang perfilman)
perusahaan cangkang,"perusahaan yang legal dan berbadan hukum (secara administratif) tapi tak berwujud, biasanya digunakan untuk menyamarkan kepemilikan bisnis atau pencucian uang"
pip,program Indonesia pintar (pemberian bantuan tunai pendidikan pada anak usia sekolah yang berasal dari keluarga miskin atau rentan miskin)
plbn,pos lintas batas negara
potapada,bulan ke-9 tahun Buddhis (bulan Agustus--September tahun Masehi)
pound sterling,mata uang Inggris
prefektur,wilayah administratif setingkat keresidenan pada masa pemerintahan Herman Willem Daendels
prefektur,vikariat
prt,pekerja rumah tangga; pembantu rumah tangga
puja sastra,karya sastra yang disusun sebagai penghormatan atau tanda terima kasih kepada orang yang dihormati seperti raja
radiofon,telefon yang memancarkan dan menerima sinyal melalui radio; radio telefon
rahel,mengetukkan jari untuk memainkan karinding
raja jalanan,pengendara yang mengendarai kendaraan dengan ugal-ugalan
raja jalanan,kendaraan yang banyak digunakan orang
ramah disabilitas,ramah difabel
rambu larangan,"rambu dengan dasar berwarna putih dan lambang atau tulisan berwarna hitam atau merah, digunakan untuk menginformasikan larangan bagi pengguna jalan"
rampes,jawaban untuk salam sampurasun
ranggap,kurung untuk menjemur ayam
rebus,permainan menebak kata yang disamarkan dalam bentuk gambar atau simbol
rehabilitasi bencana,rehabilitasi aspek pelayanan publik atau masyarakat
reklamasi pantai,reklamasi yang dilakukan untuk meningkatkan manfaat sumber daya pesisir dan laut dengan cara pengurukan atau pengeringan lahan melalui pengaturan drainase
rekonstruksi bencana,"rekonstruksi semua prasarana dan sarana kelembagaan pada wilayah pascabencana, baik pada tingkat pemerintahan maupun masyarakat"
rengge,"ayam berbulu abu-abu, kuning, dan merah"
renogram,alat pemeriksaan medis berbasis nuklir yang digunakan untuk memantau fungsi ginjal
reservasi berlebih,"reservasi yang melebihi jumlah kamar tersedia dengan mempertimbangkan jumlah tamu yang akan tidak datang, batal datang, dan sebagainya, dilakukan agar hunian kamar mencapai seratus persen"
ribawi,bersifat riba
rima bersilang,rima pada akhir larik-larik yang berlainan
rima kembar,rima dalam
rima konsonan,aliterasi
rincug,rasa sakit atau pegal pada telapak kaki sehingga sulit berjalan
rinoplasti,bedah plastik untuk memperbaiki bentuk hidung dengan memperkecil atau memperbesar ukurannya
ripta,prasasti yang ditulis pada lontar
rires,"lemang Karo yang biasanya dimasak dengan kunyit, merica, dan lada hitam"
risiko yuridis,risiko yang terjadi karena bank kurang memperhatikan aspek yuridis atau hukum dari perjanjian atau perikatan yang dibuat
robyong,kain batik yang digunakan untuk menutup badan pengantin lelaki saat akad nikah
rohis,rohani Islam
rokok putih,"rokok berbahan dasar daun tembakau tanpa campuran cengkih, mengandung tar dan nikotin yang lebih rendah daripada rokok lain pada umumnya"
ropoh,pagar yang dipasangi tanaman atau kawat berduri
ruang loker,"ruang ganti yang dilengkapi dengan lemari pakaian, kamar mandi, dan toilet"
rujak ulek,"rujak yang bumbunya baru dibuat (diulek) saat akan dihidangkan, biasanya tingkat kepedasannya dapat disesuaikan"
rumah deret,"rumah yang terdiri atas beberapa unit, berderet dan menempel satu sama lain, masing-masing memiliki persil sendiri"
rumah komersial,rumah yang dibangun dengan tujuan mendapatkan keuntungan sesuai dengan kebutuhan masyarakat
rumah kubur,cungkup
rumah swadaya,"rumah sebagai bagian dari permukiman baik perkotaan maupun perdesaan yang dilengkapi dengan prasarana, sarana, dan utilitas umum"
runges,ingus mengering di wajah (biasanya pada anak-anak)
sabrina,garis leher horizontal pakaian
sabu,sabu-sabu
sadparamita,"paramita yang terdiri atas enam sifat kesempurnaan, yaitu kemurahan hati, moral, kesabaran, semangat, meditasi, dan kebijaksanaan"
sadtari,serban bermotif ular yang dipakai ketua adat saat upacara adat di Sasadu
sagak,"tunas yang tumbuh kembali sesudah dipanen atau dipotong, misalnya padi atau alang-alang"
sagem,kayu yang mudah terbakar dan habis (tidak memiliki bara)
sahut-sahutan,bersahut-sahutan
saint vincent dan grenadines,"negara kepulauan yang terletak di Laut Karibia, beribu kota Kingstown"
sajam,senjata tajam
sakadagami,"tingkat kesucian pertama yang dicapai seseorang dengan melenyapkan belenggu pertama dan melemahkan belenggu kedua samyojana, serta hanya akan terlahir kembali sekali lagi"
sakah,terbuka dari lengkungan semula karena terkait sesuatu (tentang mata kail)
salele,tanda larangan untuk tidak memanjat pohon kelapa dengan cara membungkus pohon
salfok,salah fokus
samaneri,calon rahib Buddha perempuan
sanlat,pesantren kilat
santriwan,santri
sapton,pesta tani pada hari Sabtu pertama setelah panen berupa lomba ketangkasan
saramba,empat bersaudara semuanya laki-laki
saraswati,"dewi pelindung atau pelimpah pengetahuan, kesadaran, dan sastra; sakti Dewa Brahma"
sarato,suling berlubang tujuh
sareksek,penyakit berupa rasa kering atau tidak nyaman pada mata karena debu atau sakit mata
saringan kerucut,saringan berbentuk kerucut yang digunakan untuk memisahkan ampas dan kuah kaldu
sarkas,sarkasme
sarmud,sarjana muda
sasi,larangan untuk mengambil barang atau hasil sumber daya alam karena telah didoakan sampai batas waktu yang telah ditentukan sebagai upaya pelestarian sumber daya alam
satpas,satuan penyelenggara administrasi surat izin mengemudi (satuan yang menyelenggarakan pelayanan administrasi untuk penerbitan surat izin mengemudi)
satwacarita,fabel
satyaloka,tempat tinggal Dewa Brahma sebagai salah satu perwujudan dari Trimurti
saus celup,saus cocol
saus cocol,saus yang disajikan sebagai cocolan untuk menemani hidangan; saus celup
sawah lojok,sawah yang terletak paling ujung
sawed,tali yang diikatkan pada sepasang leher kerbau pembajak sawah
sbm,"standar biaya masukan (satuan biaya yang ditetapkan untuk menyusun biaya komponen keluaran, terdiri atas harga satuan, tarif, dan indeks, digunakan sebagai batas tertinggi untuk menghasilkan biaya komponen keluaran dan
alat reviu angka dasar untuk menghitung alokasi kebutuhan besaran biaya komponen keluaran dalam penyusunan pagu indikatif"
sdr.,saudara
sdri.,saudari
seakal,satu akal
sebang,kayu penjepit lantai pada pintu depan rumah panggung
sebayak,hantu yang mengganggu orang lewat dengan cara melempar pasir atau menepuk air
sebul,cepat tumpul (tentang perkakas tajam)
sedapatnya,sebisanya
sekop,gambar daun hitam di kartu remi
sekum,"sunyi, senyap, dan mencekam"
sel isolasi,sel penahanan terpisah untuk menghindarkan tahanan dari kontak dengan manusia lainnya selama 22 hingga 24 jam sehari
selading,pisau kecil yang dibuat dari bambu dan digunakan untuk mencari kutu di kepala
selamat petang,selamat sore
selendang mayang,"minuman khas Betawi berupa potongan kue kenyal dari campuran tepung beras dan tepung sagu (biasanya berwarna merah, hijau, dan putih) yang diberi kuah santan dan gula merah cair, disajikan dengan es batu"
seli,sepeda lipat
selumbat,serat kayu atau bambu yang tajam dan dapat menusuk kulit
semaksimal,sama maksimal
semaksimal,semaksimalnya
semelet,panas  terik serasa menusuk kulit (tentang matahari)
semiliar,"binatang yang hidup secara liar tetapi juga berkontak dengan manusia (kuda, anjing, dan lain-lain)"
semit,"rumpun bahasa asal Timur Tengah yang meliputi bahasa-bahasa kuno, Amharik, Arab, Aram, Ibrani, dan lain-lain"
sempulian,ritual untuk menghilangkan makhluk gaib dengan membacakan doa atau mantra
sepatah kata,sambutan atau pidato singkat
sepau,hambar dengan sedikit aroma
seratus tahun,abad
serisit,"mika berserat halus atau bersisik, biasanya terdiri atas muskovit dan umumnya dihasilkan dari perubahan hidrotermal"
seston,"partikel yang bergerak melayang-layang dalam air, dapat berupa plankton hidup atau detritus yang hanyut dalam air"
setan jalanan,pengendara yang mengebut atau menjalankan kendaraan dengan ugal-ugalan
setipis,sama tipis dengan
setor muka,menampakkan diri sebagai tanda kehadiran
seychelles,"negara kepulauan yang terletak di Samudra Hindia bagian barat, beribu kota Victoria"
sialong,pohon kelapa yang sudah tinggi dan tua
"siapa cepat, dia dapat","orang yang lebih dulu datang, dialah yang mendapatkannya"
sibeng,benda berbentuk parabola pada senter untuk membuat cahaya lebih terang dan fokus
sibi,Sistem Isyarat Bahasa Indonesia
siddhakarya,penghargaan pemerintah tingkat provinsi yang diberikan kepada perusahaan yang memiliki kualitas dan produktivitas tertinggi
sidi,sayidi; tuanku
sidokan,wedana pada masa penjajahan Jepang
sierra leone,"negara yang terletak di Afrika Barat, beribu kota Freetown"
sikhisme,kepercayaan monoteistik yang diajarkan oleh Guru Nanak Dev pada abad ke-16 di India
siklorama,layar atau tirai yang dipasang di tiga sudut sebagai pembatas ruang adegan drama
silabifikasi,pembagian dalam suku kata
silak,"patah, tetapi tidak sampai putus (tentang dahan atau ranting pohon)"
simare,"bagian pada toga hakim yang bentuknya seperti selempang, berwarna kuning, merah, atau hijau, berada pada bagian sini kanan kiri kancing baju hingga bagian atas punggung"
simau,liger
simon,salah satu dari kedua belas rasul Tuhan Yesus
simpe,jalinan tali untuk mengikat mata serampang ke gandarnya
simpul transit,"tempat pergantian antarmoda dan intermoda seperti terminal, stasiun kereta api, pelabuhan laut, pelabuhan sungai dan danau, dan/atau bandar udara"
sinding,bela diri dari Belitung yang diwariskan dari tradisi Kerajaan Balok
siuh bakar,pembakaran terhadap rumah atau ladang orang lain
sks,sistem kebut semalam
sksd,sok kenal sok dekat
slenger,"dekorasi berbentuk rantai yang terbuat dari guntingan kertas yang disambung, biasanya digantung di plafon rumah"
sofifi,ibu kota Provinsi Maluku Utara
sofomaniak,cenderung merasa paling cerdas
som,satuan mata uang Kirgizstan
somen,"mi putih yang halus dan tipis, biasa disajikan dingin dengan saus cocol"
sonari,bambu pemikul padi dalam kesenian rengkong
songat,melebar dan agak terangkat pada bagian ujung hidung sehingga lubang hidung tampak jelas
songkolo,makanan yang terdiri atas ikan dan mi goreng yang dibungkus daun pisang
sonta,biji hitam dari buah aren
sosioteknologi,ilmu yang mempelajari hubungan teknologi dan kehidupan sosial
sosioterminologi,"terminologi berdasarkan karakteristik sosiologis, budaya, dan sosiolinguistik"
sotang,sosis kentang; hotang
soto betawi,"soto khas Betawi dengan kuah santan, berisi daging dan babat sapi, tomat, dan sebagainya"
soto kudus,"soto khas Kudus dengan kuah bening kecokelatan, berisi daging sapi atau ayam suwir, tauge, bawang putih goreng, dan sebagainya"
soto lamongan,"soto khas Lamongan dengan kuah kuning, berisi ayam, sohun, koya, dan sebagainya"
soto madura,"soto khas Madura dengan kuah kuning kecokelatan, berisi sandung lamur atau ayam suwir, taoge, bawang merah goreng, dan sebagainya"
soto medan,"soto khas Medan dengan kuah santan berwarna kekuningan, berisi daging ayam atau sapi, taoge, telur rebus, dan sebagainya"
soto mi,"soto khas Bogor dengan kuah bening kecokelatan, berisi mi kuning, irisan kikil, risol, dan sebagainya"
soto padang,"soto khas Padang dengan kuah berwana cokelat kekuningan, berisi daging sapi goreng, sohun, perkedel kentang, dan sebagainya"
soto tangkar,"soto berkuah santan dengan isian utama daging sapi dan iga sapi, disajikan bersama potongan tomat dan emping"
spbe,sistem pemerintahan berbasis elektronik (sistem penyelenggaraan pemerintahan yang memanfaatkan teknologi informasi dan komunikasi dalam pemberian layanan kepada pengguna)
spmk,surat perintah mulai kerja
spok,subjek predikat objek keterangan
stem,"sains, teknologi, teknik, matematika (metode pembelajaran yang mengintegrasikan sains, teknologi, teknik, dan matematika untuk mengembangkan kreativitas siswa melalui pemecahan masalah dalam kehidupan sehari-hari)"
stipul,daun penumpu
stoikisme,"mahzab yang mencakupi bidang metafisika, astronomi, sampai tata bahasa, berfokus pada saran dan panduan praktis bagi orang yang berusaha mencapai kesejahteraan atau kebahagiaan"
suduh,"tusuk dengan ujung benda tumpul (ujung jari, ujung patahan ranting, dan sebagainya)"
sukhi hontu,semoga Anda berbahagia (lazim diucapkan saat bertemu penganut selain agama Buddha atau mendokan orang lain)
sulikat,teknik memegang belikat dan mendorong lawan ke bawah dalam benjang
sulinggih,pedanda
suman,lemang yang terbuat dari sagu
sundung,pikulan kayu untuk rumput atau kayu bakar berbentuk segitiga
supermodel,adiperagawan; adiperagawati
surameraya majjapamadatthana veramani sikkhapadam samadiyami,bertekad untuk melatih diri menghindari  makanan dan minuman (tentang isi pancasila buddhis dalam kitab Tripitaka)
surat buntu,surat yang tidak sampai karena alamat tidak lengkap atau karena penerima sdh pindah alamat
surup,memasukkan benang ke lubang jarum
sutta pitaka,bagian kedua dari Tripitaka yang berisikan khotbah Buddha
suuk,kacang tanah
suweng,sumbu pelita yang digunakan untuk mengukur rentang waktu bagi orang-orang yang bekerja bergotong-royong
suwung,kosong
swamedikasi,pengobatan mandiri
swasti saba,penghargaan pemerintah yang diberikan kepada pemerintah daerah atas keberhasilan memasyarakatkan pola hidup sehat yang diikuti dengan kepedulian warga untuk meningkatkan status dan derajat kesehatannya
syalom,salam damai (diucapkan saat bertemu atau berpisah dengan orang lain)
syoyu,"kecap khas Jepang yang murni terbuat dari fermentasi kedelai, memiliki rasa sedikit asin dan rasa kedelai yang kuat, biasanya digunakan sebagai cocolan makanan seperti susyi dan sasyimi"
ta,tugas akhir
tablo,domba berbulu kuning kemerahan
tabung linen,saluran pipa besar tempat menyalurkan linen dari setiap lantai ke penatu
tacincang,pembunuhan yang dilakukan tanpa sengaja
taco,"penganan khas Meksiko berupa panekuk jagung goreng tanpa ragi atau tortila yang diisi dengan daging cincang berbumbu, keju, kacang-kacangan, dan lain-lain"
tahu aci,penganan khas Tegal yang terbuat dari tahu kuning yang dipotong melintang berisi adonan tepung tapioka dan bumbu lainnya kemudian digoreng hingga garing
tahutu,"ujung atap bagian bawah (pada rumah, pondok, dan sebagainya)"
taingan,bagian dapur yang dibuat agak tinggi tempat meletakkan tungku
tajap,potong miring (tentang sayuran)
takah,tata naskah
tako,"tortila goreng yang dilipat atau digulung dan diber isian berupa campuran daging, keju, dan selada"
taksi,bergerak lambat di sepanjang rute yang disediakan sebelum lepas landas atau setelah mendarat (tentang pesawat)
tali jemuran,tali yang digunakan sebagai tempat menggantung pakaian yang dijemur
tali kasta,upawita
talngah,terbuka lebar (tentang pintu)
talun,lahan yang ditanami aneka tanaman keras
tamra,prasasti yang ditulis pada logam
tanatologi,ilmu tentang penyebab dan fenomena kematian
tangar,lebar (tentang mulut periuk)
tanggap warsa,ulang tahun
tapahosut,orang yang pekerjaannya membuat sagu
tapas,"camilan porsi kecil ala Spanyol, biasanya disajikan bersama minuman"
taraf hidup,standar tingkat kemakmuran rata-rata yang dipandang minimal harus terpenuhi agar dapat hidup layak dalam masyarakat
taratulit,"herba epifit dengan bentuk memanjang sekitar 20 m, batang tipis berwarna hijau dan cokelat, percabangan menggarpu, daun pucat hijau kekuningan dan melingkar sepanjang sumbu batang, ditanam sebagai tanaman hias dan obat-obatan"
tarengteng,bambu atau kayu berlapis kain untuk memainkan celempung
tarik edar,"penarikan buku dari peredaran perpustakaan karena sudah melewati masa edar, rusak, atau kotor"
tarlet,kue tar kecil
tatombom,jatuh terduduk
taubah,surah ke-9 dalam Al-Qur'an (diawali dengan at-)
taubu,balok penyangga rumah panggung
tausa,"pasta kacang hijau atau kacang merah yang rasanya manis, biasa digunakan sebagai isian onde-onde dan kue bulan"
tb,tuberkulosis
tedas,mampu menggigit (tentang gigi)
teh poci,teh yang diseduh secara khas pada poci dan cangkir yang terbuat dari tanah liat
teh susu,teh yang dicampur dengan susu atau krim
tehyan,alat musik gesek bersenar dua dengan batok resonator agak besar yang menghasilkan nada tengah
tekbal,olahraga paduan antara tenis meja dan sepak bola
telepon umum,telepon yang ditempatkan di tempat umum dan dapat digunakan dengan memasukkan koin atau kode dari kartu telepon
televisi pintar,"televisi yang menggabungkan kemampuan televisi, komputer, dan multimedia dengan  koneksi internet"
telur orak-arik,"lauk, dibuat dari telur kocok, dimasak dengan minyak atau mentega, kemudian diorak-arik hingga matang, biasanya disajikan dengan taburan garam dan lada hitam"
telur paskah,"telur yang dilukis dengan beragam warna, sering kali juga diberi hiasan, dibuat saat perayaan Paskah"
teluto,noda pada pakaian yang disebabkan oleh getah tumbuh-tumbuhan
tembawai,hutan bekas tempat rumah panjang
tempe bacem,tempe yang dimasak dengan cara dibacem
tempe sagu,"keripik yang dibuat dari kedelai, sagu, dan ragi yang difermentasi menjadi tempe, diiris tipis, dicelupkan dalam bumbu garam dan kaldu lalu digoreng, berekstur renyah dan memiliki rasa asin gurih"
tentari,"kata tabu bagi nelayan di tengah laut dan jika diucapkan, dipercaya bahwa nelayan tersebut akan dimakan oleh ikan hiu"
terbodoh,paling bodoh
terbuas,paling buas
tercerewet,paling cerewet
terceroboh,paling ceroboh
tercitra,sudah dicitrakan
terdefinisikan,sudah didefinisikan
terdefinisikan,dapat didefinisikan
teredukasi,sudah diedukasi
terfasilitasi,sudah difasilitasi
terfasilitasi,dapat difasilitasi
terformulasikan,sudah diformulasikan
terformulasikan,dapat diformulasikan
tergombal,paling gombal; paling manis dan berlebihan (tentang rayuan)
tergombal,paling pandai atau paling gemar menggombal
tergunting,sudah digunting
tergunting,tidak sengaja digunting
terhangat,paling hangat
terhangat,terbaru; terkini
terhangat,paling banyak dibicarakan
terjahit,sudah dijahit
terjahit,menyatu
terjahit,sudah dijahit
termakan akal,masuk akal; logis
terminator,garis yang memisahkan cahaya siang dan malam dilihat dari atas permukaan bumi
terminus,stasiun awal dan akhir pada suatu jalur kereta
terpantik,sudah dipantik; tergerak
tertuntut,sudah dituntut
tidur cantik,tidur yang dilakukan demi menjaga atau meningkatkan kecantikan dengan waktu tidur yang cukup
tigon,mamalia karnivor hasil persilangan harimau jantan dan singa betina
tilakana,"tiga corak kehidupan yang berisi perubahan, penderitaan, dan ketidakkekalan inti"
timor leste,"negara yang terletak di Asia Tenggara, beribu kota Dili"
timuru,angin timur
tipitaka,Tripitaka
tipografer,ahli tipografi
tipografer,"pendesain yang ahli dalam pemilihan serta pengaturan gaya, tata letak, dan tampilan huruf atau fon pada cetakan"
tisu dapur,"kertas tisu, berupa gulungan yang dapat dirobek menjadi lembaran, biasa digunakan untuk menyerap minyak pada gorengan atau membersihkan area dapur yang terkena tumpahan"
tisu toilet,kertas tisu berbentuk gulungan yang digunakan untuk mengeringkan atau membersihkan diri setelah buang air besar dan kecil
titik kumpul,titik di area luar hotel tempat karyawan dan tamu hotel berkumpul saat keadaan darurat
tolok,keranjang untuk menampung padi saat panen
tolubea,nama seseorang yang digunakan setelah memiliki cucu pada beberapa etnis di Sulawesi Utara
tongpan,anak hasil kawin campur
totonihe,"pasak yang dipasang menyerupai anak tangga di pohon enau, digunakan untuk memanjat"
tppt,tindak pidana pendanaan terorisme
tppu,tindak pidana pencucian uang
trinitarian,ajaran atau paham trinitas
trinitarian,penganut ajaran atau paham trinitas
ttm,teman tapi mesra
tuana moroa,"golongan lapisan teratas (keturunan raja-raja) di suku Lore, Sulawesi Tengah"
tunamoral,tidak memiliki moral
tupang,kayu bercabang yang digunakan sebagai pengganti tangga
turkmenistan,"negara yang terletak di Asia Tengah, beribu kota Ashgabat"
tuto,"penganan berbahan dasar sagu dan gula halus yang disiram dengan air mendidih, diaduk, dan disajikan hangat-hangat"
tutumbakan,"penangkal untuk bayi dari gangguan makhluk halus yang terbuat dari cabai merah, kunyit, bangle, bawang merah, dan ditusuk dengan tusuk satai"
uccasayana mahasayana veramani sikkhapadam samadiyami,"bertekad untuk melatih diri menghindari penggunaan tempat tidur, tempat duduk yang tinggi, dan mewah (tentang dasasila dalam agama Buddha)"
upajja vedaniya kamma,karma yang menghasilkan akibat pada kehidupan berikutnya dalam agama Buddha
upasaka,perumah tangga laki-laki (tentang umat Buddha laki-laki yang tidak meninggalkan kehidupan duniawi)
upasika,perumah tangga perempuan (tentang umat Buddha perempuan yang tidak meninggalkan kehidupan duniawi)
usaha gabungan,usaha bersama; usaha patungan
usai,kulit buah pala
venison,"daging hewan buruan yang dimakan, seperti rusa dan kijang"
vikalabhojana veramani sikhapadam samadiyami,bertekad untuk melatih diri menghindari makan setelah tengah hari (tentang dasasila agama Buddha)
viktimisasi,tindakan memperlakukan seseorang sebagai korban
vinaya pitaka,"bagian pertama dari kitab suci Tripitaka, terdiri atas tiga bagian, berisi hal yang berkenaan dengan peraturan bagi para biksu dan biksuni"
wagasyi,"camilan manis khas Jepang, dibuat dalam berbagai bentuk, dari berbagai bahan, dan dengan berbagai metode pembuatan, misalnya moci dan dango, biasanya disantap bersama dengan maca"
weling,domba berbulu belang hitam dan putih
wide,"alat penangkap ikan dari bambu yang dianyam jarang, caranya diletakkan di air deras"
wido,ayam berbulu hijau dan merah
widya,pengetahuan
wiyata kinarya,"pengembangan kompetensi pegawai suatu institusi melalui pemelajaran strategis yang selaras dengan nilai-nilai, misi, dan kebutuhan institusi"
wowa,"tradisi makan siang di acara perkawinan orang Tonsea yang ketika kegiatan makan usai, para undangan membawa pulang makanan yang sudah diatur dan disediakan beserta alat makan yang dipakai saat makan"
wta,Asosiasi Tenis Wanita; dari Women’s Tennis Association
yalusa,kulit buah kenari
yame,nyanyian atau lagu yang mengisahkan kegembiraan tentang kenangan indah dan rasa sayang dari kehidupan yang sudah lampau
yamo sabua,"rumah adat suku Namblong, atapnya terbuat dari daun sagu dan lantainya dari kulit pohon palem"
yang,sayang
yangar,ramuan tradisional yang terbuat dari perasan kulit batang kayu susu dicampur air lalu diminum untuk menambah nafsu makan
yasu,juru bicara raja
yog,"menggoyang (tentang pohon, dahan, ranting, dan tiang)"
yoni,"ajaran agama Buddha yang menjelaskan jenis proses kelahiran, seperti kelahiran melalui kandungan, telur, kelembapan, dan spontan"
yoso,"bubu yang terbuat dari anyaman daun koli, tingginya sekitar 1 m, di dalamnya diletakkan batu untuk menjebak ikan"
yts.,yang tersayang
zeugma,"majas retoris berupa penggunaan satu kata untuk dua hal yang berbeda, misalnya bunuhlah anak itu dan kopornya"